npm warn Unknown env config "http-proxy". This will stop working in the next major version of npm.

> arca-ui@0.0.1 lint
> eslint .


/workspace/scratch/75c2273f6a80/arca-ui-V030-042/enterprise/frontend/apps/portal/src/App.tsx
  132:6  warning  React Hook useEffect has missing dependencies: 'navigate' and 'pathname'. Either include them or remove the dependency array                                                                                                                                                                                                                                                                                                                                                                                                                                                                                                                                                                                                                                                                                                                                                                                                                                                                                                                                                                                           react-hooks/exhaustive-deps
  146:7  error    Error: Calling setState synchronously within an effect can trigger cascading renders

Effects are intended to synchronize state between React and external systems such as manually updating the DOM, state management libraries, or other platform APIs. In general, the body of an effect should do one or both of the following:
* Update external systems with the latest state from React.
* Subscribe for updates from some external system, calling setState in a callback function when external state changes.

Calling setState synchronously within an effect body causes cascading renders that can hurt performance, and is not recommended. (https://react.dev/learn/you-might-not-need-an-effect).

/workspace/scratch/75c2273f6a80/arca-ui-V030-042/enterprise/frontend/apps/portal/src/App.tsx:146:7
  144 |   useEffect(() => {
  145 |     if (!subject) {
> 146 |       setRegistry(null);
      |       ^^^^^^^^^^^ Avoid calling setState() directly within an effect
  147 |       setModules([]);
  148 |       setPreferences(defaultPreferences);
  149 |       setPreferencesReady(false);  react-hooks/set-state-in-effect
  175:6  warning  React Hook useEffect has a missing dependency: 'subject'. Either include it or remove the dependency array                                                                                                                                                                                                                                                                                                                                                                                                                                                                                                                                                                                                                                                                                                                                                                                                                                                                                                                                                                                                             react-hooks/exhaustive-deps

/workspace/scratch/75c2273f6a80/arca-ui-V030-042/enterprise/frontend/modules/forms/src/features/apps/AppWorkspace.tsx
   142:5  error  Error: Calling setState synchronously within an effect can trigger cascading renders

Effects are intended to synchronize state between React and external systems such as manually updating the DOM, state management libraries, or other platform APIs. In general, the body of an effect should do one or both of the following:
* Update external systems with the latest state from React.
* Subscribe for updates from some external system, calling setState in a callback function when external state changes.

Calling setState synchronously within an effect body causes cascading renders that can hurt performance, and is not recommended. (https://react.dev/learn/you-might-not-need-an-effect).

/workspace/scratch/75c2273f6a80/arca-ui-V030-042/enterprise/frontend/modules/forms/src/features/apps/AppWorkspace.tsx:142:5
  140 |   }, [search]);
  141 |   useEffect(() => {
> 142 |     setOffset(0);
      |     ^^^^^^^^^ Avoid calling setState() directly within an effect
  143 |     setSearch("");
  144 |     setQuery("");
  145 |     setEditor(undefined);                                                react-hooks/set-state-in-effect
   150:5  error  Error: Calling setState synchronously within an effect can trigger cascading renders

Effects are intended to synchronize state between React and external systems such as manually updating the DOM, state management libraries, or other platform APIs. In general, the body of an effect should do one or both of the following:
* Update external systems with the latest state from React.
* Subscribe for updates from some external system, calling setState in a callback function when external state changes.

Calling setState synchronously within an effect body causes cascading renders that can hurt performance, and is not recommended. (https://react.dev/learn/you-might-not-need-an-effect).

/workspace/scratch/75c2273f6a80/arca-ui-V030-042/enterprise/frontend/modules/forms/src/features/apps/AppWorkspace.tsx:150:5
  148 |   }, [tableId]);
  149 |   useEffect(() => {
> 150 |     setTabs([]);
      |     ^^^^^^^ Avoid calling setState() directly within an effect
  151 |     setCollapsed([]);
  152 |   }, [appId]);
  153 |   useEffect(() => {                                                        react-hooks/set-state-in-effect
   154:5  error  Error: Calling setState synchronously within an effect can trigger cascading renders

Effects are intended to synchronize state between React and external systems such as manually updating the DOM, state management libraries, or other platform APIs. In general, the body of an effect should do one or both of the following:
* Update external systems with the latest state from React.
* Subscribe for updates from some external system, calling setState in a callback function when external state changes.

Calling setState synchronously within an effect body causes cascading renders that can hurt performance, and is not recommended. (https://react.dev/learn/you-might-not-need-an-effect).

/workspace/scratch/75c2273f6a80/arca-ui-V030-042/enterprise/frontend/modules/forms/src/features/apps/AppWorkspace.tsx:154:5
  152 |   }, [appId]);
  153 |   useEffect(() => {
> 154 |     setShowTree(false);
      |     ^^^^^^^^^^^ Avoid calling setState() directly within an effect
  155 |     setMenu("");
  156 |   }, [desktopDirectory, appId]);
  157 |   if (workspace.loading || workspace.error || !app)  react-hooks/set-state-in-effect
  1356:5  error  Error: Calling setState synchronously within an effect can trigger cascading renders

Effects are intended to synchronize state between React and external systems such as manually updating the DOM, state management libraries, or other platform APIs. In general, the body of an effect should do one or both of the following:
* Update external systems with the latest state from React.
* Subscribe for updates from some external system, calling setState in a callback function when external state changes.

Calling setState synchronously within an effect body causes cascading renders that can hurt performance, and is not recommended. (https://react.dev/learn/you-might-not-need-an-effect).

/workspace/scratch/75c2273f6a80/arca-ui-V030-042/enterprise/frontend/modules/forms/src/features/apps/AppWorkspace.tsx:1356:5
  1354 |   const [error, setError] = useState("");
  1355 |   useEffect(() => {
> 1356 |     setUrl("");
       |     ^^^^^^ Avoid calling setState() directly within an effect
  1357 |     setError("");
  1358 |   }, [open, table.id]);
  1359 |   return (                             react-hooks/set-state-in-effect

/workspace/scratch/75c2273f6a80/arca-ui-V030-042/enterprise/frontend/modules/forms/src/features/forms/FormDesigner.tsx
  53:5  error  Error: Calling setState synchronously within an effect can trigger cascading renders

Effects are intended to synchronize state between React and external systems such as manually updating the DOM, state management libraries, or other platform APIs. In general, the body of an effect should do one or both of the following:
* Update external systems with the latest state from React.
* Subscribe for updates from some external system, calling setState in a callback function when external state changes.

Calling setState synchronously within an effect body causes cascading renders that can hurt performance, and is not recommended. (https://react.dev/learn/you-might-not-need-an-effect).

/workspace/scratch/75c2273f6a80/arca-ui-V030-042/enterprise/frontend/modules/forms/src/features/forms/FormDesigner.tsx:53:5
  51 |   useEffect(() => {
  52 |     const controller = new AbortController();
> 53 |     setLoading(true);
     |     ^^^^^^^^^^ Avoid calling setState() directly within an effect
  54 |     setError("");
  55 |     Promise.all([
  56 |       api<Directory>(  react-hooks/set-state-in-effect

/workspace/scratch/75c2273f6a80/arca-ui-V030-042/enterprise/frontend/modules/forms/src/features/forms/SubmissionPage.tsx
  48:5  error  Error: Calling setState synchronously within an effect can trigger cascading renders

Effects are intended to synchronize state between React and external systems such as manually updating the DOM, state management libraries, or other platform APIs. In general, the body of an effect should do one or both of the following:
* Update external systems with the latest state from React.
* Subscribe for updates from some external system, calling setState in a callback function when external state changes.

Calling setState synchronously within an effect body causes cascading renders that can hurt performance, and is not recommended. (https://react.dev/learn/you-might-not-need-an-effect).

/workspace/scratch/75c2273f6a80/arca-ui-V030-042/enterprise/frontend/modules/forms/src/features/forms/SubmissionPage.tsx:48:5
  46 |   useEffect(() => {
  47 |     const controller = new AbortController();
> 48 |     setLoading(true);
     |     ^^^^^^^^^^ Avoid calling setState() directly within an effect
  49 |     setError("");
  50 |     setFieldErrors({});
  51 |     setSubmission(undefined);  react-hooks/set-state-in-effect

/workspace/scratch/75c2273f6a80/arca-ui-V030-042/enterprise/frontend/modules/forms/src/features/forms/model.ts
  128:5  error  Error: Calling setState synchronously within an effect can trigger cascading renders

Effects are intended to synchronize state between React and external systems such as manually updating the DOM, state management libraries, or other platform APIs. In general, the body of an effect should do one or both of the following:
* Update external systems with the latest state from React.
* Subscribe for updates from some external system, calling setState in a callback function when external state changes.

Calling setState synchronously within an effect body causes cascading renders that can hurt performance, and is not recommended. (https://react.dev/learn/you-might-not-need-an-effect).

/workspace/scratch/75c2273f6a80/arca-ui-V030-042/enterprise/frontend/modules/forms/src/features/forms/model.ts:128:5
  126 |   useEffect(() => {
  127 |     const controller = new AbortController();
> 128 |     setData(undefined);
      |     ^^^^^^^ Avoid calling setState() directly within an effect
  129 |     setError("");
  130 |     api<T>(path, "GET", undefined, controller.signal)
  131 |       .then((value) => {  react-hooks/set-state-in-effect

/workspace/scratch/75c2273f6a80/arca-ui-V030-042/enterprise/frontend/modules/knowledge/src/features/knowledge/AppShell.tsx
   35:10  error  Fast refresh only works when a file only exports components. Use a new file to share constants or functions between components                                                                                                                                                                                                                                                                                                                                                                                                                                                                                                                                                                                                                                                                                                                                                                                                                                                                                                                                                                                                                                                               react-refresh/only-export-components
  228:5   error  Error: Calling setState synchronously within an effect can trigger cascading renders

Effects are intended to synchronize state between React and external systems such as manually updating the DOM, state management libraries, or other platform APIs. In general, the body of an effect should do one or both of the following:
* Update external systems with the latest state from React.
* Subscribe for updates from some external system, calling setState in a callback function when external state changes.

Calling setState synchronously within an effect body causes cascading renders that can hurt performance, and is not recommended. (https://react.dev/learn/you-might-not-need-an-effect).

/workspace/scratch/75c2273f6a80/arca-ui-V030-042/enterprise/frontend/modules/knowledge/src/features/knowledge/AppShell.tsx:228:5
  226 |     revealedPathRef.current = signature;
  227 |     if (!extra.length) return;
> 228 |     setExpandedIds((current) => {
      |     ^^^^^^^^^^^^^^ Avoid calling setState() directly within an effect
  229 |       const next = new Set(current);
  230 |       let changed = false;
  231 |       for (const id of extra) {  react-hooks/set-state-in-effect
  509:5   error  Error: Calling setState synchronously within an effect can trigger cascading renders

Effects are intended to synchronize state between React and external systems such as manually updating the DOM, state management libraries, or other platform APIs. In general, the body of an effect should do one or both of the following:
* Update external systems with the latest state from React.
* Subscribe for updates from some external system, calling setState in a callback function when external state changes.

Calling setState synchronously within an effect body causes cascading renders that can hurt performance, and is not recommended. (https://react.dev/learn/you-might-not-need-an-effect).

/workspace/scratch/75c2273f6a80/arca-ui-V030-042/enterprise/frontend/modules/knowledge/src/features/knowledge/AppShell.tsx:509:5
  507 |   useEffect(() => {
  508 |     if (!open) return;
> 509 |     setName("");
      |     ^^^^^^^ Avoid calling setState() directly within an effect
  510 |     setDescription("");
  511 |     setBusy(false);
  512 |   }, [open]);                                                                                             react-hooks/set-state-in-effect

/workspace/scratch/75c2273f6a80/arca-ui-V030-042/enterprise/frontend/modules/knowledge/src/features/knowledge/ArchivePage.tsx
  24:47  error  Error: Calling setState synchronously within an effect can trigger cascading renders

Effects are intended to synchronize state between React and external systems such as manually updating the DOM, state management libraries, or other platform APIs. In general, the body of an effect should do one or both of the following:
* Update external systems with the latest state from React.
* Subscribe for updates from some external system, calling setState in a callback function when external state changes.

Calling setState synchronously within an effect body causes cascading renders that can hurt performance, and is not recommended. (https://react.dev/learn/you-might-not-need-an-effect).

/workspace/scratch/75c2273f6a80/arca-ui-V030-042/enterprise/frontend/modules/knowledge/src/features/knowledge/ArchivePage.tsx:24:47
  22 |   const [target, setTarget] = useState<LifecycleTarget>();
  23 |   useEffect(() => {
> 24 |     const controller = new AbortController(); setLoading(true); setError(""); setRows([]);
     |                                               ^^^^^^^^^^ Avoid calling setState() directly within an effect
  25 |     const query = kind === "documents" ? `archived=true&limit=100&offset=${offset}` : "status=ARCHIVED";
  26 |     api<(DocumentRow | Space | Term)[]>(`/api/v1/${kind}?${query}`, "GET", undefined, controller.signal)
  27 |       .then(items => { if (!controller.signal.aborted) { setRows(items); setCompleted(requestKey); } })  react-hooks/set-state-in-effect

/workspace/scratch/75c2273f6a80/arca-ui-V030-042/enterprise/frontend/modules/knowledge/src/features/knowledge/DirectoryMenu.tsx
  127:17  error    Fast refresh only works when a file only exports components. Use a new file to share constants or functions between components                                                                                                                                                                                                                                                                                                                                                                                                                                                                                                                                                                                                                                                                                                                                                                                                                                                                                                                                                  react-refresh/only-export-components
  320:6   warning  React Hook useEffect has missing dependencies: 'paste' and 'putClipboard'. Either include them or remove the dependency array                                                                                                                                                                                                                                                                                                                                                                                                                                                                                                                                                                                                                                                                                                                                                                                                                                                                                                                                                   react-hooks/exhaustive-deps
  411:5   error    Error: Calling setState synchronously within an effect can trigger cascading renders

Effects are intended to synchronize state between React and external systems such as manually updating the DOM, state management libraries, or other platform APIs. In general, the body of an effect should do one or both of the following:
* Update external systems with the latest state from React.
* Subscribe for updates from some external system, calling setState in a callback function when external state changes.

Calling setState synchronously within an effect body causes cascading renders that can hurt performance, and is not recommended. (https://react.dev/learn/you-might-not-need-an-effect).

/workspace/scratch/75c2273f6a80/arca-ui-V030-042/enterprise/frontend/modules/knowledge/src/features/knowledge/DirectoryMenu.tsx:411:5
  409 |   useEffect(() => {
  410 |     if (!open) return;
> 411 |     setValue(name);
      |     ^^^^^^^^ Avoid calling setState() directly within an effect
  412 |   }, [name, open]);
  413 |
  414 |   return (  react-hooks/set-state-in-effect

/workspace/scratch/75c2273f6a80/arca-ui-V030-042/enterprise/frontend/modules/knowledge/src/features/knowledge/DocumentPage.tsx
   33:3  error    Error: Cannot access refs during render

React refs are values that are not needed for rendering. Refs should only be accessed outside of render, such as in event handlers or effects. Accessing a ref value (the `current` property) during render can cause your component not to update as expected (https://react.dev/reference/react/useRef).

/workspace/scratch/75c2273f6a80/arca-ui-V030-042/enterprise/frontend/modules/knowledge/src/features/knowledge/DocumentPage.tsx:33:3
  31 |   const mounted = useRef(false);
  32 |   const routeId = useRef(id);
> 33 |   routeId.current = id;
     |   ^^^^^^^^^^^^^^^ Cannot update ref during render
  34 |
  35 |   async function load() {
  36 |     // A completed mutation on the previous route must not start a stale read                                                                                                                                                                                                                                                                                                                                                                                            react-hooks/refs
   74:5  error    Error: Calling setState synchronously within an effect can trigger cascading renders

Effects are intended to synchronize state between React and external systems such as manually updating the DOM, state management libraries, or other platform APIs. In general, the body of an effect should do one or both of the following:
* Update external systems with the latest state from React.
* Subscribe for updates from some external system, calling setState in a callback function when external state changes.

Calling setState synchronously within an effect body causes cascading renders that can hurt performance, and is not recommended. (https://react.dev/learn/you-might-not-need-an-effect).

/workspace/scratch/75c2273f6a80/arca-ui-V030-042/enterprise/frontend/modules/knowledge/src/features/knowledge/DocumentPage.tsx:74:5
  72 |     mounted.current = true;
  73 |     let cancelled = false;
> 74 |     setError(undefined);
     |     ^^^^^^^^ Avoid calling setState() directly within an effect
  75 |     setPreview(undefined);
  76 |     setVersions(undefined);
  77 |     setMetaOpen(false);                                                react-hooks/set-state-in-effect
   89:6  warning  React Hook useEffect has missing dependencies: 'documents' and 'load'. Either include them or remove the dependency array                                                                                                                                                                                                                                                                                                                                                                                                                                                                                                                                                                                                                                                                                                                                                                                                                                                                                                                                                                                                                                                             react-hooks/exhaustive-deps
   93:5  error    Error: Calling setState synchronously within an effect can trigger cascading renders

Effects are intended to synchronize state between React and external systems such as manually updating the DOM, state management libraries, or other platform APIs. In general, the body of an effect should do one or both of the following:
* Update external systems with the latest state from React.
* Subscribe for updates from some external system, calling setState in a callback function when external state changes.

Calling setState synchronously within an effect body causes cascading renders that can hurt performance, and is not recommended. (https://react.dev/learn/you-might-not-need-an-effect).

/workspace/scratch/75c2273f6a80/arca-ui-V030-042/enterprise/frontend/modules/knowledge/src/features/knowledge/DocumentPage.tsx:93:5
  91 |   useEffect(() => {
  92 |     if (!cached || cached.id !== id) return;
> 93 |     setDoc((current) => {
     |     ^^^^^^ Avoid calling setState() directly within an effect
  94 |       if (!current || current.id !== cached.id) return cached;
  95 |       if (
  96 |         current.title === cached.title &&  react-hooks/set-state-in-effect
  219:5  error    Error: Calling setState synchronously within an effect can trigger cascading renders

Effects are intended to synchronize state between React and external systems such as manually updating the DOM, state management libraries, or other platform APIs. In general, the body of an effect should do one or both of the following:
* Update external systems with the latest state from React.
* Subscribe for updates from some external system, calling setState in a callback function when external state changes.

Calling setState synchronously within an effect body causes cascading renders that can hurt performance, and is not recommended. (https://react.dev/learn/you-might-not-need-an-effect).

/workspace/scratch/75c2273f6a80/arca-ui-V030-042/enterprise/frontend/modules/knowledge/src/features/knowledge/DocumentPage.tsx:219:5
  217 |
  218 |   useEffect(() => {
> 219 |     setTitle(document.title);
      |     ^^^^^^^^ Avoid calling setState() directly within an effect
  220 |     setCategoryId(document.categoryId || "");
  221 |     setTagIds(document.tagIds || []);
  222 |     setAiPolicy(document.aiPolicy);                             react-hooks/set-state-in-effect

/workspace/scratch/75c2273f6a80/arca-ui-V030-042/enterprise/frontend/modules/knowledge/src/features/knowledge/KnowledgePage.tsx
   42:39  error    Compilation Skipped: Existing memoization could not be preserved

React Compiler has skipped optimizing this component because the existing manual memoization could not be preserved. The inferred dependencies did not match the manually specified dependencies, which could cause the value to change more or less frequently than expected. The inferred dependency was `directory`, but the source dependencies were [directory?.units]. Inferred less specific property than source.

/workspace/scratch/75c2273f6a80/arca-ui-V030-042/enterprise/frontend/modules/knowledge/src/features/knowledge/KnowledgePage.tsx:42:39
  40 |   }), [folders, documents, directory?.units, spaceId, space?.orgUnitId, orgFilter]);
  41 |   const folder = index.folderById.get(folderId);
> 42 |   const organizationOptions = useMemo(() => [{ value: "", label: "全部组织" }, ...(directory?.units || [])
     |                                       ^^^^^^^^^^^^^^^^^^^^^^^^^^^^^^^^^^^^^^^^^^^^^^^^^^^^^^^^^^^^^^^^
> 43 |     .map(unit => ({ value: unit.id, label: unitPath(directory!.units, unit.id) }))], [directory?.units]);
     | ^^^^^^^^^^^^^^^^^^^^^^^^^^^^^^^^^^^^^^^^^^^^^^^^^^^^^^^^^^^^^^^^^^^^^^^^^^^^^^^^^^^^ Could not preserve existing manual memoization
  44 |   const query = jumpQuery.trim().toLocaleLowerCase();
  45 |   const childFolders = useMemo(() => (index.foldersByParent.get(folderId) || [])
  46 |     .filter(item => !query || item.name.toLocaleLowerCase().includes(query))  react-hooks/preserve-manual-memoization
   43:86  warning  React Hook useMemo has a missing dependency: 'directory'. Either include it or remove the dependency array                                                                                                                                                                                                                                                                                                                                                                                                                                                                                                                                                                                                                                                                                                                                                                                                                                                                                                                                                                                                                                                                                                                                                                                                                                                                                                                                                                                                               react-hooks/exhaustive-deps
  123:5   error    Error: Calling setState synchronously within an effect can trigger cascading renders

Effects are intended to synchronize state between React and external systems such as manually updating the DOM, state management libraries, or other platform APIs. In general, the body of an effect should do one or both of the following:
* Update external systems with the latest state from React.
* Subscribe for updates from some external system, calling setState in a callback function when external state changes.

Calling setState synchronously within an effect body causes cascading renders that can hurt performance, and is not recommended. (https://react.dev/learn/you-might-not-need-an-effect).

/workspace/scratch/75c2273f6a80/arca-ui-V030-042/enterprise/frontend/modules/knowledge/src/features/knowledge/KnowledgePage.tsx:123:5
  121 |   useEffect(() => {
  122 |     if (!open) return;
> 123 |     setName("");
      |     ^^^^^^^ Avoid calling setState() directly within an effect
  124 |     setBusy(false);
  125 |   }, [open]);
  126 |                                                                                                                                                                                                                                                                                                                                                                                                                                            react-hooks/set-state-in-effect

/workspace/scratch/75c2273f6a80/arca-ui-V030-042/enterprise/frontend/modules/knowledge/src/features/knowledge/KnowledgeSession.tsx
  130:17  error  Fast refresh only works when a file only exports components. Use a new file to share constants or functions between components  react-refresh/only-export-components

/workspace/scratch/75c2273f6a80/arca-ui-V030-042/enterprise/frontend/modules/knowledge/src/features/knowledge/LifecycleDialog.tsx
  22:5  error    Error: Calling setState synchronously within an effect can trigger cascading renders

Effects are intended to synchronize state between React and external systems such as manually updating the DOM, state management libraries, or other platform APIs. In general, the body of an effect should do one or both of the following:
* Update external systems with the latest state from React.
* Subscribe for updates from some external system, calling setState in a callback function when external state changes.

Calling setState synchronously within an effect body causes cascading renders that can hurt performance, and is not recommended. (https://react.dev/learn/you-might-not-need-an-effect).

/workspace/scratch/75c2273f6a80/arca-ui-V030-042/enterprise/frontend/modules/knowledge/src/features/knowledge/LifecycleDialog.tsx:22:5
  20 |   const label = deleting ? "永久删除" : "归档";
  21 |   useEffect(() => {
> 22 |     setImpact(undefined); setRevision(undefined); setReady(false); setError("");
     |     ^^^^^^^^^ Avoid calling setState() directly within an effect
  23 |     if (!target) return;
  24 |     const controller = new AbortController();
  25 |     const load = async () => {  react-hooks/set-state-in-effect
  32:6  warning  React Hook useEffect has a missing dependency: 'target'. Either include it or remove the dependency array                                                                                                                                                                                                                                                                                                                                                                                                                                                                                                                                                                                                                                                                                                                                                                                                                                                                                                                                                                                                                                                                                                                         react-hooks/exhaustive-deps

/workspace/scratch/75c2273f6a80/arca-ui-V030-042/enterprise/frontend/modules/knowledge/src/features/knowledge/SearchPage.tsx
  43:19  error  Error: Calling setState synchronously within an effect can trigger cascading renders

Effects are intended to synchronize state between React and external systems such as manually updating the DOM, state management libraries, or other platform APIs. In general, the body of an effect should do one or both of the following:
* Update external systems with the latest state from React.
* Subscribe for updates from some external system, calling setState in a callback function when external state changes.

Calling setState synchronously within an effect body causes cascading renders that can hurt performance, and is not recommended. (https://react.dev/learn/you-might-not-need-an-effect).

/workspace/scratch/75c2273f6a80/arca-ui-V030-042/enterprise/frontend/modules/knowledge/src/features/knowledge/SearchPage.tsx:43:19
  41 |   const [completedKey, setCompletedKey] = useState("");
  42 |
> 43 |   useEffect(() => setDraft(q), [q]);
     |                   ^^^^^^^^ Avoid calling setState() directly within an effect
  44 |
  45 |   useEffect(() => {
  46 |     setError(undefined);  react-hooks/set-state-in-effect
  46:5   error  Error: Calling setState synchronously within an effect can trigger cascading renders

Effects are intended to synchronize state between React and external systems such as manually updating the DOM, state management libraries, or other platform APIs. In general, the body of an effect should do one or both of the following:
* Update external systems with the latest state from React.
* Subscribe for updates from some external system, calling setState in a callback function when external state changes.

Calling setState synchronously within an effect body causes cascading renders that can hurt performance, and is not recommended. (https://react.dev/learn/you-might-not-need-an-effect).

/workspace/scratch/75c2273f6a80/arca-ui-V030-042/enterprise/frontend/modules/knowledge/src/features/knowledge/SearchPage.tsx:46:5
  44 |
  45 |   useEffect(() => {
> 46 |     setError(undefined);
     |     ^^^^^^^^ Avoid calling setState() directly within an effect
  47 |     if (!q.trim()) {
  48 |       setHits([]);
  49 |       setTotal(0);                                                   react-hooks/set-state-in-effect

/workspace/scratch/75c2273f6a80/arca-ui-V030-042/enterprise/frontend/modules/knowledge/src/features/knowledge/SessionDialog.tsx
  54:5  error  Error: Calling setState synchronously within an effect can trigger cascading renders

Effects are intended to synchronize state between React and external systems such as manually updating the DOM, state management libraries, or other platform APIs. In general, the body of an effect should do one or both of the following:
* Update external systems with the latest state from React.
* Subscribe for updates from some external system, calling setState in a callback function when external state changes.

Calling setState synchronously within an effect body causes cascading renders that can hurt performance, and is not recommended. (https://react.dev/learn/you-might-not-need-an-effect).

/workspace/scratch/75c2273f6a80/arca-ui-V030-042/enterprise/frontend/modules/knowledge/src/features/knowledge/SessionDialog.tsx:54:5
  52 |
  53 |   useEffect(() => {
> 54 |     setError(notice || "");
     |     ^^^^^^^^ Avoid calling setState() directly within an effect
  55 |   }, [notice]);
  56 |
  57 |   const signingUp = mode === "signup";  react-hooks/set-state-in-effect

/workspace/scratch/75c2273f6a80/arca-ui-V030-042/enterprise/frontend/modules/knowledge/src/features/knowledge/ShareControl.tsx
   88:5  error  Error: Calling setState synchronously within an effect can trigger cascading renders

Effects are intended to synchronize state between React and external systems such as manually updating the DOM, state management libraries, or other platform APIs. In general, the body of an effect should do one or both of the following:
* Update external systems with the latest state from React.
* Subscribe for updates from some external system, calling setState in a callback function when external state changes.

Calling setState synchronously within an effect body causes cascading renders that can hurt performance, and is not recommended. (https://react.dev/learn/you-might-not-need-an-effect).

/workspace/scratch/75c2273f6a80/arca-ui-V030-042/enterprise/frontend/modules/knowledge/src/features/knowledge/ShareControl.tsx:88:5
  86 |   useEffect(() => {
  87 |     const controller = new AbortController();
> 88 |     setSharing(undefined);
     |     ^^^^^^^^^^ Avoid calling setState() directly within an effect
  89 |     setRestricted(false);
  90 |     setSummaryError(false);
  91 |     if (triggerOnly) return () => controller.abort();  react-hooks/set-state-in-effect
  105:5  error  Error: Calling setState synchronously within an effect can trigger cascading renders

Effects are intended to synchronize state between React and external systems such as manually updating the DOM, state management libraries, or other platform APIs. In general, the body of an effect should do one or both of the following:
* Update external systems with the latest state from React.
* Subscribe for updates from some external system, calling setState in a callback function when external state changes.

Calling setState synchronously within an effect body causes cascading renders that can hurt performance, and is not recommended. (https://react.dev/learn/you-might-not-need-an-effect).

/workspace/scratch/75c2273f6a80/arca-ui-V030-042/enterprise/frontend/modules/knowledge/src/features/knowledge/ShareControl.tsx:105:5
  103 |     if (!open) return;
  104 |     const controller = new AbortController();
> 105 |     setDirectory(undefined);
      |     ^^^^^^^^^^^^ Avoid calling setState() directly within an effect
  106 |     setError("");
  107 |     Promise.all([
  108 |       api<Directory>(                                     react-hooks/set-state-in-effect

/workspace/scratch/75c2273f6a80/arca-ui-V030-042/enterprise/frontend/modules/knowledge/src/features/knowledge/UploadDialog.tsx
  49:5  error  Error: Calling setState synchronously within an effect can trigger cascading renders

Effects are intended to synchronize state between React and external systems such as manually updating the DOM, state management libraries, or other platform APIs. In general, the body of an effect should do one or both of the following:
* Update external systems with the latest state from React.
* Subscribe for updates from some external system, calling setState in a callback function when external state changes.

Calling setState synchronously within an effect body causes cascading renders that can hurt performance, and is not recommended. (https://react.dev/learn/you-might-not-need-an-effect).

/workspace/scratch/75c2273f6a80/arca-ui-V030-042/enterprise/frontend/modules/knowledge/src/features/knowledge/UploadDialog.tsx:49:5
  47 |   useEffect(() => {
  48 |     if (!open) return;
> 49 |     setItems([]);
     |     ^^^^^^^^ Avoid calling setState() directly within an effect
  50 |     setTitle(existing?.title || "");
  51 |     setSpace(spaceId);
  52 |     setFolder(folderId || "");  react-hooks/set-state-in-effect

/workspace/scratch/75c2273f6a80/arca-ui-V030-042/enterprise/frontend/modules/knowledge/src/features/knowledge/preview/DocumentDock.tsx
  43:5  error  Error: Calling setState synchronously within an effect can trigger cascading renders

Effects are intended to synchronize state between React and external systems such as manually updating the DOM, state management libraries, or other platform APIs. In general, the body of an effect should do one or both of the following:
* Update external systems with the latest state from React.
* Subscribe for updates from some external system, calling setState in a callback function when external state changes.

Calling setState synchronously within an effect body causes cascading renders that can hurt performance, and is not recommended. (https://react.dev/learn/you-might-not-need-an-effect).

/workspace/scratch/75c2273f6a80/arca-ui-V030-042/enterprise/frontend/modules/knowledge/src/features/knowledge/preview/DocumentDock.tsx:43:5
  41 |
  42 |   useLayoutEffect(() => {
> 43 |     setOpen(false);
     |     ^^^^^^^ Avoid calling setState() directly within an effect
  44 |   }, [doc.id]);
  45 |
  46 |   useLayoutEffect(() => {  react-hooks/set-state-in-effect

/workspace/scratch/75c2273f6a80/arca-ui-V030-042/enterprise/frontend/modules/knowledge/src/features/knowledge/preview/ImageViewer.tsx
  22:61  error  Error: Calling setState synchronously within an effect can trigger cascading renders

Effects are intended to synchronize state between React and external systems such as manually updating the DOM, state management libraries, or other platform APIs. In general, the body of an effect should do one or both of the following:
* Update external systems with the latest state from React.
* Subscribe for updates from some external system, calling setState in a callback function when external state changes.

Calling setState synchronously within an effect body causes cascading renders that can hurt performance, and is not recommended. (https://react.dev/learn/you-might-not-need-an-effect).

/workspace/scratch/75c2273f6a80/arca-ui-V030-042/enterprise/frontend/modules/knowledge/src/features/knowledge/preview/ImageViewer.tsx:22:61
  20 |   const fit = Math.min(bounds.width / (rotated ? natural.height : natural.width), bounds.height / (rotated ? natural.width : natural.height), 1);
  21 |   const width = natural.width * fit * scale, height = natural.height * fit * scale;
> 22 |   useEffect(() => { const next = URL.createObjectURL(blob); setUrl(next); setScale(1); setAngle(0); setError(false); return () => URL.revokeObjectURL(next); }, [blob]);
     |                                                             ^^^^^^ Avoid calling setState() directly within an effect
  23 |   return <div className="flex min-h-0 flex-1 flex-col">
  24 |     <div className="flex items-center justify-center gap-2 py-2">
  25 |       <Button size="icon" variant="ghost" aria-label="缩小图片" disabled={scale <= .25} onClick={() => setScale(v => v - .25)}><IconMinus size={16} /></Button>  react-hooks/set-state-in-effect

/workspace/scratch/75c2273f6a80/arca-ui-V030-042/enterprise/frontend/modules/knowledge/src/features/knowledge/preview/PreviewStage.tsx
  32:5  error  Error: Calling setState synchronously within an effect can trigger cascading renders

Effects are intended to synchronize state between React and external systems such as manually updating the DOM, state management libraries, or other platform APIs. In general, the body of an effect should do one or both of the following:
* Update external systems with the latest state from React.
* Subscribe for updates from some external system, calling setState in a callback function when external state changes.

Calling setState synchronously within an effect body causes cascading renders that can hurt performance, and is not recommended. (https://react.dev/learn/you-might-not-need-an-effect).

/workspace/scratch/75c2273f6a80/arca-ui-V030-042/enterprise/frontend/modules/knowledge/src/features/knowledge/preview/PreviewStage.tsx:32:5
  30 |     let timer: ReturnType<typeof setTimeout>;
  31 |     const abort = new AbortController();
> 32 |     setManifest(undefined); setStructured(undefined); setBlob(undefined); setHtml(undefined); setError(undefined); setReading(false); setWaiting(false);
     |     ^^^^^^^^^^^ Avoid calling setState() directly within an effect
  33 |     if (!versionId) return;
  34 |     const base = `/api/v1/documents/${documentId}`;
  35 |     const query = `?versionId=${encodeURIComponent(versionId)}`;  react-hooks/set-state-in-effect

/workspace/scratch/75c2273f6a80/arca-ui-V030-042/enterprise/frontend/modules/knowledge/src/features/knowledge/status.tsx
   5:14  error  Fast refresh only works when a file only exports components. Use a new file to share constants or functions between components  react-refresh/only-export-components
  12:17  error  Fast refresh only works when a file only exports components. Use a new file to share constants or functions between components  react-refresh/only-export-components
  34:17  error  Fast refresh only works when a file only exports components. Use a new file to share constants or functions between components  react-refresh/only-export-components
  42:17  error  Fast refresh only works when a file only exports components. Use a new file to share constants or functions between components  react-refresh/only-export-components
  52:17  error  Fast refresh only works when a file only exports components. Use a new file to share constants or functions between components  react-refresh/only-export-components
  68:17  error  Fast refresh only works when a file only exports components. Use a new file to share constants or functions between components  react-refresh/only-export-components
  90:17  error  Fast refresh only works when a file only exports components. Use a new file to share constants or functions between components  react-refresh/only-export-components

/workspace/scratch/75c2273f6a80/arca-ui-V030-042/enterprise/frontend/modules/workflow/src/features/workflow/WorkflowCenter.tsx
     6:3    error  'Navigate' is defined but never used                                                                                                                                                                                                                                                                                                                                                                                                                                                                                                                                                                                                                                                                                                                                                                                                                                                                                                                                                                                                                                                                                                                                                                                                                                                                                                                                                                                                                                                                                                                                                                                                                                                                                                                                                                                                                                                                                    @typescript-eslint/no-unused-vars
    32:75   error  'ArrowRightAction' is defined but never used                                                                                                                                                                                                                                                                                                                                                                                                                                                                                                                                                                                                                                                                                                                                                                                                                                                                                                                                                                                                                                                                                                                                                                                                                                                                                                                                                                                                                                                                                                                                                                                                                                                                                                                                                                                                                                                                            @typescript-eslint/no-unused-vars
    43:3    error  'initialValues' is defined but never used                                                                                                                                                                                                                                                                                                                                                                                                                                                                                                                                                                                                                                                                                                                                                                                                                                                                                                                                                                                                                                                                                                                                                                                                                                                                                                                                                                                                                                                                                                                                                                                                                                                                                                                                                                                                                                                                               @typescript-eslint/no-unused-vars
    45:8    error  'DefaultUser' is defined but never used                                                                                                                                                                                                                                                                                                                                                                                                                                                                                                                                                                                                                                                                                                                                                                                                                                                                                                                                                                                                                                                                                                                                                                                                                                                                                                                                                                                                                                                                                                                                                                                                                                                                                                                                                                                                                                                                                 @typescript-eslint/no-unused-vars
    87:6    error  'SharedEntry' is defined but never used                                                                                                                                                                                                                                                                                                                                                                                                                                                                                                                                                                                                                                                                                                                                                                                                                                                                                                                                                                                                                                                                                                                                                                                                                                                                                                                                                                                                                                                                                                                                                                                                                                                                                                                                                                                                                                                                                 @typescript-eslint/no-unused-vars
   939:125  error  Error: Cannot call impure function during render

`Date.now` is an impure function. Calling an impure function can produce unstable results that update unpredictably when the component happens to re-render. (https://react.dev/reference/rules/components-and-hooks-must-be-pure#components-and-hooks-must-be-idempotent).

/workspace/scratch/75c2273f6a80/arca-ui-V030-042/enterprise/frontend/modules/workflow/src/features/workflow/WorkflowCenter.tsx:939:125
  937 |               </p>
  938 |             )}
> 939 |             {taskActions?.dueAt && <p className={`rounded-card p-3 text-caption leading-5 ${Date.parse(taskActions.dueAt) < Date.now() ? "bg-status-warning/10 text-status-warning dark:bg-status-warning/10 dark:text-status-warning" : "bg-muted text-muted-foreground"}`}>处理截止：{dateLabel(taskActions.dueAt)}{Date.parse(taskActions.dueAt) < Date.now() ? " · 已逾期" : ""}</p>}
      |                                                                                                                             ^^^^^^^^^^ Cannot call impure function
  940 |             {!!taskActions?.delegationDepth && <p className="rounded-card bg-primary/5 p-3 text-caption leading-5 text-muted-foreground">当前为前加签（第 {taskActions.delegationDepth} 层）。同意后交回 {directory.people.find(person => person.id === taskActions.returnToId)?.displayName ?? "原处理人"}，本次同意不会增加并行审批票数。</p>}
  941 |             {taskEditable && <p className="rounded-card border border-primary/15 bg-primary/5 p-3 text-caption leading-5 text-muted-foreground">
  942 |               你可以修改本节点授权的字段。点击“{actionPolicy.approveLabel}”后，修改保存在当前流程中；整个流程通过后才回填记录，冲突字段保留记录现值。拒绝或退回时不保存本次编辑。                                                                                                                                                                                                                       react-hooks/purity
   939:338  error  Error: Cannot call impure function during render

`Date.now` is an impure function. Calling an impure function can produce unstable results that update unpredictably when the component happens to re-render. (https://react.dev/reference/rules/components-and-hooks-must-be-pure#components-and-hooks-must-be-idempotent).

/workspace/scratch/75c2273f6a80/arca-ui-V030-042/enterprise/frontend/modules/workflow/src/features/workflow/WorkflowCenter.tsx:939:338
  937 |               </p>
  938 |             )}
> 939 |             {taskActions?.dueAt && <p className={`rounded-card p-3 text-caption leading-5 ${Date.parse(taskActions.dueAt) < Date.now() ? "bg-status-warning/10 text-status-warning dark:bg-status-warning/10 dark:text-status-warning" : "bg-muted text-muted-foreground"}`}>处理截止：{dateLabel(taskActions.dueAt)}{Date.parse(taskActions.dueAt) < Date.now() ? " · 已逾期" : ""}</p>}
      |                                                                                                                                                                                                                                                                                                                                                  ^^^^^^^^^^ Cannot call impure function
  940 |             {!!taskActions?.delegationDepth && <p className="rounded-card bg-primary/5 p-3 text-caption leading-5 text-muted-foreground">当前为前加签（第 {taskActions.delegationDepth} 层）。同意后交回 {directory.people.find(person => person.id === taskActions.returnToId)?.displayName ?? "原处理人"}，本次同意不会增加并行审批票数。</p>}
  941 |             {taskEditable && <p className="rounded-card border border-primary/15 bg-primary/5 p-3 text-caption leading-5 text-muted-foreground">
  942 |               你可以修改本节点授权的字段。点击“{actionPolicy.approveLabel}”后，修改保存在当前流程中；整个流程通过后才回填记录，冲突字段保留记录现值。拒绝或退回时不保存本次编辑。  react-hooks/purity
  1264:5    error  Error: Calling setState synchronously within an effect can trigger cascading renders

Effects are intended to synchronize state between React and external systems such as manually updating the DOM, state management libraries, or other platform APIs. In general, the body of an effect should do one or both of the following:
* Update external systems with the latest state from React.
* Subscribe for updates from some external system, calling setState in a callback function when external state changes.

Calling setState synchronously within an effect body causes cascading renders that can hurt performance, and is not recommended. (https://react.dev/learn/you-might-not-need-an-effect).

/workspace/scratch/75c2273f6a80/arca-ui-V030-042/enterprise/frontend/modules/workflow/src/features/workflow/WorkflowCenter.tsx:1264:5
  1262 |     [failure, setFailure] = useState("");
  1263 |   useEffect(() => {
> 1264 |     setSuccess("");
       |     ^^^^^^^^^^ Avoid calling setState() directly within an effect
  1265 |     setFailure("");
  1266 |   }, [changeId, runId]);
  1267 |   return (                                                                                                                                                                                                                                                                                                                                                                                                                                                                                                                                                                                                                                                                                                                                                                                     react-hooks/set-state-in-effect

/workspace/scratch/75c2273f6a80/arca-ui-V030-042/enterprise/frontend/packages/business-shared/approved/beui-popover/popover.tsx
  390:38  error  Error: Cannot access refs during render

React refs are values that are not needed for rendering. Refs should only be accessed outside of render, such as in event handlers or effects. Accessing a ref value (the `current` property) during render can cause your component not to update as expected (https://react.dev/reference/react/useRef).

/workspace/scratch/75c2273f6a80/arca-ui-V030-042/enterprise/frontend/packages/business-shared/approved/beui-popover/popover.tsx:390:38
  388 |   const hoverHandlers =
  389 |     trigger === "hover"
> 390 |       ? makeHoverHandlers(rootHover, openHover, scheduleClose)
      |                                      ^^^^^^^^^ Passing a ref to a function may read its value during render
  391 |       : {};
  392 |
  393 |   return (                                                                                                                                                                                                                                                                                     react-hooks/refs
  390:49  error  Error: Cannot access refs during render

React refs are values that are not needed for rendering. Refs should only be accessed outside of render, such as in event handlers or effects. Accessing a ref value (the `current` property) during render can cause your component not to update as expected (https://react.dev/reference/react/useRef).

/workspace/scratch/75c2273f6a80/arca-ui-V030-042/enterprise/frontend/packages/business-shared/approved/beui-popover/popover.tsx:390:49
  388 |   const hoverHandlers =
  389 |     trigger === "hover"
> 390 |       ? makeHoverHandlers(rootHover, openHover, scheduleClose)
      |                                                 ^^^^^^^^^^^^^ Passing a ref to a function may read its value during render
  391 |       : {};
  392 |
  393 |   return (                                                                                                                                                                                                                                                                      react-hooks/refs
  485:7   error  Error: This value cannot be modified

Modifying a value returned from a hook is not allowed. Consider moving the modification into the hook where the value is constructed.

/workspace/scratch/75c2273f6a80/arca-ui-V030-042/enterprise/frontend/packages/business-shared/approved/beui-popover/popover.tsx:485:7
  483 |     ...handlers,
  484 |     ref: mergeRefs(childRef, (node: HTMLElement | null) => {
> 485 |       ctx.triggerRef.current = node;
      |       ^^^^^^^^^^^^^^ `ctx` cannot be modified
  486 |     }),
  487 |     // Above the goo layer (z-[-1]) so the neck reads behind it.
  488 |     className: cn("relative z-0", childProps.className as string | undefined),                                                                                                                                                                                                                                                                                                                                                                                       react-hooks/immutability
  540:19  error  Error: Calling setState synchronously within an effect can trigger cascading renders

Effects are intended to synchronize state between React and external systems such as manually updating the DOM, state management libraries, or other platform APIs. In general, the body of an effect should do one or both of the following:
* Update external systems with the latest state from React.
* Subscribe for updates from some external system, calling setState in a callback function when external state changes.

Calling setState synchronously within an effect body causes cascading renders that can hurt performance, and is not recommended. (https://react.dev/learn/you-might-not-need-an-effect).

/workspace/scratch/75c2273f6a80/arca-ui-V030-042/enterprise/frontend/packages/business-shared/approved/beui-popover/popover.tsx:540:19
  538 |   );
  539 |
> 540 |   useEffect(() => setPortalReady(true), []);
      |                   ^^^^^^^^^^^^^^ Avoid calling setState() directly within an effect
  541 |
  542 |   const geo = useMemo(
  543 |     () =>  react-hooks/set-state-in-effect

/workspace/scratch/75c2273f6a80/arca-ui-V030-042/enterprise/frontend/packages/business-shared/approved/potlab-icons/adapters/ReviewGlyphs.tsx
  7:14  error  Fast refresh only works when a file only exports components. Use a new file to share constants or functions between components  react-refresh/only-export-components
  8:17  error  Fast refresh only works when a file only exports components. Use a new file to share constants or functions between components  react-refresh/only-export-components
  9:45  error  Unexpected any. Specify a different type                                                                                        @typescript-eslint/no-explicit-any

/workspace/scratch/75c2273f6a80/arca-ui-V030-042/enterprise/frontend/packages/business-shared/approved/potlab-icons/src/Potlab.tsx
  21:17   error  Fast refresh only works when a file only exports components. Use a new file to share constants or functions between components  react-refresh/only-export-components
  27:52   error  Unexpected any. Specify a different type                                                                                        @typescript-eslint/no-explicit-any
  27:159  error  'strokeWidth' is defined but never used                                                                                         @typescript-eslint/no-unused-vars
  27:171  error  'fill' is defined but never used                                                                                                @typescript-eslint/no-unused-vars
  27:176  error  'stroke' is defined but never used                                                                                              @typescript-eslint/no-unused-vars
  27:183  error  'duration' is defined but never used                                                                                            @typescript-eslint/no-unused-vars
  27:192  error  'isAnimated' is defined but never used                                                                                          @typescript-eslint/no-unused-vars
  35:14   error  Fast refresh only works when a file only exports components. Use a new file to share constants or functions between components  react-refresh/only-export-components
  35:68   error  Unexpected any. Specify a different type                                                                                        @typescript-eslint/no-explicit-any
  36:14   error  Fast refresh only works when a file only exports components. Use a new file to share constants or functions between components  react-refresh/only-export-components
  36:58   error  Unexpected any. Specify a different type                                                                                        @typescript-eslint/no-explicit-any
  36:62   error  Unexpected any. Specify a different type                                                                                        @typescript-eslint/no-explicit-any
  37:51   error  Unexpected any. Specify a different type                                                                                        @typescript-eslint/no-explicit-any
  38:47   error  Unexpected any. Specify a different type                                                                                        @typescript-eslint/no-explicit-any

/workspace/scratch/75c2273f6a80/arca-ui-V030-042/enterprise/frontend/packages/business-shared/src/access/App.tsx
   13:269  error    'Add20Regular' is defined but never used                                                                                                                                                                                                                                                                                                                                                                                                                                                                                                                                                                                                                                                                                                                                                                                                                                                                                                                                                                                                                                                                                                                                                                                                                                                                                               @typescript-eslint/no-unused-vars
  427:6    warning  React Hook useEffect has a missing dependency: 'defaultSection'. Either include it or remove the dependency array                                                                                                                                                                                                                                                                                                                                                                                                                                                                                                                                                                                                                                                                                                                                                                                                                                                                                                                                                                                                                                                                                                                                                                                                                      react-hooks/exhaustive-deps
  462:20   error    Error: Calling setState synchronously within an effect can trigger cascading renders

Effects are intended to synchronize state between React and external systems such as manually updating the DOM, state management libraries, or other platform APIs. In general, the body of an effect should do one or both of the following:
* Update external systems with the latest state from React.
* Subscribe for updates from some external system, calling setState in a callback function when external state changes.

Calling setState synchronously within an effect body causes cascading renders that can hurt performance, and is not recommended. (https://react.dev/learn/you-might-not-need-an-effect).

/workspace/scratch/75c2273f6a80/arca-ui-V030-042/enterprise/frontend/packages/business-shared/src/access/App.tsx:462:20
  460 |   useEffect(() => {
  461 |     const controller = new AbortController();
> 462 |     if (user) void refresh(controller.signal);
      |                    ^^^^^^^ Avoid calling setState() directly within an effect
  463 |     return () => controller.abort();
  464 |   }, [user]);
  465 |   async function mutate(path: string, method: string, body?: unknown) {                                                                                                           react-hooks/set-state-in-effect
  504:56   error    Error: Calling setState synchronously within an effect can trigger cascading renders

Effects are intended to synchronize state between React and external systems such as manually updating the DOM, state management libraries, or other platform APIs. In general, the body of an effect should do one or both of the following:
* Update external systems with the latest state from React.
* Subscribe for updates from some external system, calling setState in a callback function when external state changes.

Calling setState synchronously within an effect body causes cascading renders that can hurt performance, and is not recommended. (https://react.dev/learn/you-might-not-need-an-effect).

/workspace/scratch/75c2273f6a80/arca-ui-V030-042/enterprise/frontend/packages/business-shared/src/access/App.tsx:504:56
  502 |     effective.includes("authz.access") ||
  503 |     effective.includes("authz.root");
> 504 |   useEffect(() => { if (!canManage && scope === "all") setSection("overview"); }, [canManage, scope]);
      |                                                        ^^^^^^^^^^ Avoid calling setState() directly within an effect
  505 |   const scopedBody = (v: FormValues) => ({
  506 |     ...v,
  507 |     scopeGroupId: v.scopeGroupId ? Number(v.scopeGroupId) : null,  react-hooks/set-state-in-effect

/workspace/scratch/75c2273f6a80/arca-ui-V030-042/enterprise/frontend/packages/business-shared/src/access/api.ts
   2:10  error  'api' is defined but never used           @typescript-eslint/no-unused-vars
   4:34  error  Unexpected any. Specify a different type  @typescript-eslint/no-explicit-any
  12:18  error  Unexpected any. Specify a different type  @typescript-eslint/no-explicit-any
  24:17  error  Unexpected any. Specify a different type  @typescript-eslint/no-explicit-any

/workspace/scratch/75c2273f6a80/arca-ui-V030-042/enterprise/frontend/packages/business-shared/src/components/motion/animated-sidebar.tsx
  165:17  error  Fast refresh only works when a file only exports components. Use a new file to share constants or functions between components                                                                                                                                                                                                                                                                                                                                                                                                                                                                                                                                                                                                                                                                                                                                                                                                                                                                                                                                                                                                                                                                                                                                                                                                                                                                                                                                                                                                                                                                   react-refresh/only-export-components
  175:17  error  Fast refresh only works when a file only exports components. Use a new file to share constants or functions between components                                                                                                                                                                                                                                                                                                                                                                                                                                                                                                                                                                                                                                                                                                                                                                                                                                                                                                                                                                                                                                                                                                                                                                                                                                                                                                                                                                                                                                                                   react-refresh/only-export-components
  321:19  error  Error: Calling setState synchronously within an effect can trigger cascading renders

Effects are intended to synchronize state between React and external systems such as manually updating the DOM, state management libraries, or other platform APIs. In general, the body of an effect should do one or both of the following:
* Update external systems with the latest state from React.
* Subscribe for updates from some external system, calling setState in a callback function when external state changes.

Calling setState synchronously within an effect body causes cascading renders that can hurt performance, and is not recommended. (https://react.dev/learn/you-might-not-need-an-effect).

/workspace/scratch/75c2273f6a80/arca-ui-V030-042/enterprise/frontend/packages/business-shared/src/components/motion/animated-sidebar.tsx:321:19
  319 |   const openMobileRef = useRef(context.openMobile);
  320 |
> 321 |   useEffect(() => setMounted(true), []);
      |                   ^^^^^^^^^^ Avoid calling setState() directly within an effect
  322 |
  323 |   useEffect(() => {
  324 |     openMobileRef.current = context.openMobile;                                                                                                                                                                                                                                                                                                                                                                                                                      react-hooks/set-state-in-effect
  325:29  error  Error: Calling setState synchronously within an effect can trigger cascading renders

Effects are intended to synchronize state between React and external systems such as manually updating the DOM, state management libraries, or other platform APIs. In general, the body of an effect should do one or both of the following:
* Update external systems with the latest state from React.
* Subscribe for updates from some external system, calling setState in a callback function when external state changes.

Calling setState synchronously within an effect body causes cascading renders that can hurt performance, and is not recommended. (https://react.dev/learn/you-might-not-need-an-effect).

/workspace/scratch/75c2273f6a80/arca-ui-V030-042/enterprise/frontend/packages/business-shared/src/components/motion/animated-sidebar.tsx:325:29
  323 |   useEffect(() => {
  324 |     openMobileRef.current = context.openMobile;
> 325 |     if (context.openMobile) setHidden(false);
      |                             ^^^^^^^^^ Avoid calling setState() directly within an effect
  326 |   }, [context.openMobile]);
  327 |
  328 |   useEffect(() => {                                                                                                                                                                                                                                                                                                                                                                                                            react-hooks/set-state-in-effect
  582:18  error  An interface declaring no members is equivalent to its supertype                                                                                                                                                                                                                                                                                                                                                                                                                                                                                                                                                                                                                                                                                                                                                                                                                                                                                                                                                                                                                                                                                                                                                                                                                                                                                                                                                                                                                                                                                                                                 @typescript-eslint/no-empty-object-type
  598:12  error  Error: Cannot modify local variables after render completes

This argument is a function which may reassign or mutate `context` after render, which can cause inconsistent behavior on subsequent renders. Consider using state instead.

/workspace/scratch/75c2273f6a80/arca-ui-V030-042/enterprise/frontend/packages/business-shared/src/components/motion/animated-sidebar.tsx:598:12
  596 |     <button
  597 |       {...props}
> 598 |       ref={(node) => {
      |            ^^^^^^^^^^^
> 599 |         context.triggerRef.current = node;
      | ^^^^^^^^^^^^^^^^^^^^^^^^^^^^^^^^^^^^^^^^^^
> 600 |         if (typeof forwardedRef === "function") forwardedRef(node);
      | ^^^^^^^^^^^^^^^^^^^^^^^^^^^^^^^^^^^^^^^^^^
> 601 |         else if (forwardedRef) forwardedRef.current = node;
      | ^^^^^^^^^^^^^^^^^^^^^^^^^^^^^^^^^^^^^^^^^^
> 602 |       }}
      | ^^^^^^^^ This function may (indirectly) reassign or modify `context` after render
  603 |       type={type}
  604 |       aria-label={props["aria-label"] ?? "折叠或展开侧栏"}
  605 |       aria-expanded={expanded}

/workspace/scratch/75c2273f6a80/arca-ui-V030-042/enterprise/frontend/packages/business-shared/src/components/motion/animated-sidebar.tsx:599:9
  597 |       {...props}
  598 |       ref={(node) => {
> 599 |         context.triggerRef.current = node;
      |         ^^^^^^^^^^^^^^^^^^ This modifies `context`
  600 |         if (typeof forwardedRef === "function") forwardedRef(node);
  601 |         else if (forwardedRef) forwardedRef.current = node;
  602 |       }}  react-hooks/immutability
  599:9   error  Error: This value cannot be modified

Modifying a value returned from a hook is not allowed. Consider moving the modification into the hook where the value is constructed.

/workspace/scratch/75c2273f6a80/arca-ui-V030-042/enterprise/frontend/packages/business-shared/src/components/motion/animated-sidebar.tsx:599:9
  597 |       {...props}
  598 |       ref={(node) => {
> 599 |         context.triggerRef.current = node;
      |         ^^^^^^^^^^^^^^^^^^ `context` cannot be modified
  600 |         if (typeof forwardedRef === "function") forwardedRef(node);
  601 |         else if (forwardedRef) forwardedRef.current = node;
  602 |       }}                                                                                                                                                                                                                                                                                                                                                                                                                                                                                                                                                                                                                                                                                                                                                                                                                                                                                                                          react-hooks/immutability
  621:18  error  An interface declaring no members is equivalent to its supertype                                                                                                                                                                                                                                                                                                                                                                                                                                                                                                                                                                                                                                                                                                                                                                                                                                                                                                                                                                                                                                                                                                                                                                                                                                                                                                                                                                                                                                                                                                                                 @typescript-eslint/no-empty-object-type
  654:18  error  An interface declaring no members is equivalent to its supertype                                                                                                                                                                                                                                                                                                                                                                                                                                                                                                                                                                                                                                                                                                                                                                                                                                                                                                                                                                                                                                                                                                                                                                                                                                                                                                                                                                                                                                                                                                                                 @typescript-eslint/no-empty-object-type
  690:18  error  An interface declaring no members is equivalent to its supertype                                                                                                                                                                                                                                                                                                                                                                                                                                                                                                                                                                                                                                                                                                                                                                                                                                                                                                                                                                                                                                                                                                                                                                                                                                                                                                                                                                                                                                                                                                                                 @typescript-eslint/no-empty-object-type

/workspace/scratch/75c2273f6a80/arca-ui-V030-042/enterprise/frontend/packages/business-shared/src/components/motion/animated-toast-stack.tsx
  134:17  error  Fast refresh only works when a file only exports components. Use a new file to share constants or functions between components                                                                                                                                                                                                                                                                                                                                                                                                                                                                                                                                                                                                                                                                                                                                                                                                                                                                                                                                                                                                                          react-refresh/only-export-components
  268:5   error  Error: Calling setState synchronously within an effect can trigger cascading renders

Effects are intended to synchronize state between React and external systems such as manually updating the DOM, state management libraries, or other platform APIs. In general, the body of an effect should do one or both of the following:
* Update external systems with the latest state from React.
* Subscribe for updates from some external system, calling setState in a callback function when external state changes.

Calling setState synchronously within an effect body causes cascading renders that can hurt performance, and is not recommended. (https://react.dev/learn/you-might-not-need-an-effect).

/workspace/scratch/75c2273f6a80/arca-ui-V030-042/enterprise/frontend/packages/business-shared/src/components/motion/animated-toast-stack.tsx:268:5
  266 |
  267 |   useEffect(() => {
> 268 |     setPortalTarget(shouldPortal ? (portalRoot ?? document.body) : null);
      |     ^^^^^^^^^^^^^^^ Avoid calling setState() directly within an effect
  269 |   }, [portalRoot, shouldPortal]);
  270 |
  271 |   const stack = (  react-hooks/set-state-in-effect

/workspace/scratch/75c2273f6a80/arca-ui-V030-042/enterprise/frontend/packages/business-shared/src/components/motion/button/stateful.tsx
  100:3  warning  React Hook useLayoutEffect contains a call to 'setWidth'. Without a list of dependencies, this can lead to an infinite chain of updates. To fix this, pass [] as a second argument to the useLayoutEffect Hook  react-hooks/exhaustive-deps

/workspace/scratch/75c2273f6a80/arca-ui-V030-042/enterprise/frontend/packages/business-shared/src/components/motion/center-morph-modal.tsx
  192:3   error  Error: Cannot access refs during render

React refs are values that are not needed for rendering. Refs should only be accessed outside of render, such as in event handlers or effects. Accessing a ref value (the `current` property) during render can cause your component not to update as expected (https://react.dev/reference/react/useRef).

/workspace/scratch/75c2273f6a80/arca-ui-V030-042/enterprise/frontend/packages/business-shared/src/components/motion/center-morph-modal.tsx:192:3
  190 |   const panelRef = useRef<HTMLDivElement>(null);
  191 |   const interactionRef = useRef({ setOpen: context.setOpen, dismissible });
> 192 |   interactionRef.current = { setOpen: context.setOpen, dismissible };
      |   ^^^^^^^^^^^^^^^^^^^^^^ Cannot update ref during render
  193 |
  194 |   useEffect(() => setMounted(true), []);
  195 |                                                                                                                                                                                                                                                                                                              react-hooks/refs
  194:19  error  Error: Calling setState synchronously within an effect can trigger cascading renders

Effects are intended to synchronize state between React and external systems such as manually updating the DOM, state management libraries, or other platform APIs. In general, the body of an effect should do one or both of the following:
* Update external systems with the latest state from React.
* Subscribe for updates from some external system, calling setState in a callback function when external state changes.

Calling setState synchronously within an effect body causes cascading renders that can hurt performance, and is not recommended. (https://react.dev/learn/you-might-not-need-an-effect).

/workspace/scratch/75c2273f6a80/arca-ui-V030-042/enterprise/frontend/packages/business-shared/src/components/motion/center-morph-modal.tsx:194:19
  192 |   interactionRef.current = { setOpen: context.setOpen, dismissible };
  193 |
> 194 |   useEffect(() => setMounted(true), []);
      |                   ^^^^^^^^^^ Avoid calling setState() directly within an effect
  195 |
  196 |   useEffect(() => {
  197 |     if (!context.open) return;  react-hooks/set-state-in-effect

/workspace/scratch/75c2273f6a80/arca-ui-V030-042/enterprise/frontend/packages/business-shared/src/components/motion/combobox/content.tsx
   54:19  error  Error: Calling setState synchronously within an effect can trigger cascading renders

Effects are intended to synchronize state between React and external systems such as manually updating the DOM, state management libraries, or other platform APIs. In general, the body of an effect should do one or both of the following:
* Update external systems with the latest state from React.
* Subscribe for updates from some external system, calling setState in a callback function when external state changes.

Calling setState synchronously within an effect body causes cascading renders that can hurt performance, and is not recommended. (https://react.dev/learn/you-might-not-need-an-effect).

/workspace/scratch/75c2273f6a80/arca-ui-V030-042/enterprise/frontend/packages/business-shared/src/components/motion/combobox/content.tsx:54:19
  52 |   );
  53 |
> 54 |   useEffect(() => setPortalReady(true), []);
     |                   ^^^^^^^^^^^^^^ Avoid calling setState() directly within an effect
  55 |   useLayoutEffect(() => {
  56 |     if (!portalReady) return;
  57 |     const readyFrame = requestAnimationFrame(() => setMorphReady(true));  react-hooks/set-state-in-effect
   65:7   error  Error: Calling setState synchronously within an effect can trigger cascading renders

Effects are intended to synchronize state between React and external systems such as manually updating the DOM, state management libraries, or other platform APIs. In general, the body of an effect should do one or both of the following:
* Update external systems with the latest state from React.
* Subscribe for updates from some external system, calling setState in a callback function when external state changes.

Calling setState synchronously within an effect body causes cascading renders that can hurt performance, and is not recommended. (https://react.dev/learn/you-might-not-need-an-effect).

/workspace/scratch/75c2273f6a80/arca-ui-V030-042/enterprise/frontend/packages/business-shared/src/components/motion/combobox/content.tsx:65:7
  63 |     if (!context.open || !layout) return;
  64 |     if (!avoidCollisions) {
> 65 |       setActualSide(side);
     |       ^^^^^^^^^^^^^ Avoid calling setState() directly within an effect
  66 |       return;
  67 |     }
  68 |     const below =                                                            react-hooks/set-state-in-effect
  106:12  error  Error: Cannot access refs during render

React refs are values that are not needed for rendering. Refs should only be accessed outside of render, such as in event handlers or effects. Accessing a ref value (the `current` property) during render can cause your component not to update as expected (https://react.dev/reference/react/useRef).

/workspace/scratch/75c2273f6a80/arca-ui-V030-042/enterprise/frontend/packages/business-shared/src/components/motion/combobox/content.tsx:106:12
  104 |   return createPortal(
  105 |     <motion.div
> 106 |       ref={context.contentRef}
      |            ^^^^^^^^^^^^^^^^^^ Cannot access ref value during render
  107 |       data-combobox-content=""
  108 |       data-side={actualSide}
  109 |       aria-hidden={!context.open}                                                                                                                                                                                                                                                                                                                                                                                       react-hooks/refs
  109:21  error  Error: Cannot access refs during render

React refs are values that are not needed for rendering. Refs should only be accessed outside of render, such as in event handlers or effects. Accessing a ref value (the `current` property) during render can cause your component not to update as expected (https://react.dev/reference/react/useRef).

/workspace/scratch/75c2273f6a80/arca-ui-V030-042/enterprise/frontend/packages/business-shared/src/components/motion/combobox/content.tsx:109:21
  107 |       data-combobox-content=""
  108 |       data-side={actualSide}
> 109 |       aria-hidden={!context.open}
      |                     ^^^^^^^^^^^^ Cannot access ref value during render
  110 |       inert={!context.open}
  111 |       initial={false}
  112 |       animate={{                                                                                                                                                                                                                                                                                                                                                                                       react-hooks/refs
  110:15  error  Error: Cannot access refs during render

React refs are values that are not needed for rendering. Refs should only be accessed outside of render, such as in event handlers or effects. Accessing a ref value (the `current` property) during render can cause your component not to update as expected (https://react.dev/reference/react/useRef).

/workspace/scratch/75c2273f6a80/arca-ui-V030-042/enterprise/frontend/packages/business-shared/src/components/motion/combobox/content.tsx:110:15
  108 |       data-side={actualSide}
  109 |       aria-hidden={!context.open}
> 110 |       inert={!context.open}
      |               ^^^^^^^^^^^^ Cannot access ref value during render
  111 |       initial={false}
  112 |       animate={{
  113 |         height: surfaceHeight,                                                                                                                                                                                                                                                                                                                                                                                             react-hooks/refs
  114:18  error  Error: Cannot access refs during render

React refs are values that are not needed for rendering. Refs should only be accessed outside of render, such as in event handlers or effects. Accessing a ref value (the `current` property) during render can cause your component not to update as expected (https://react.dev/reference/react/useRef).

/workspace/scratch/75c2273f6a80/arca-ui-V030-042/enterprise/frontend/packages/business-shared/src/components/motion/combobox/content.tsx:114:18
  112 |       animate={{
  113 |         height: surfaceHeight,
> 114 |         opacity: context.open ? 1 : 0,
      |                  ^^^^^^^^^^^^ Cannot access ref value during render
  115 |         y: context.open
  116 |           ? actualSide === "bottom"
  117 |             ? sideOffset                                                                                                                                                                                                                                                                                                                                                                               react-hooks/refs
  115:12  error  Error: Cannot access refs during render

React refs are values that are not needed for rendering. Refs should only be accessed outside of render, such as in event handlers or effects. Accessing a ref value (the `current` property) during render can cause your component not to update as expected (https://react.dev/reference/react/useRef).

/workspace/scratch/75c2273f6a80/arca-ui-V030-042/enterprise/frontend/packages/business-shared/src/components/motion/combobox/content.tsx:115:12
  113 |         height: surfaceHeight,
  114 |         opacity: context.open ? 1 : 0,
> 115 |         y: context.open
      |            ^^^^^^^^^^^^ Cannot access ref value during render
  116 |           ? actualSide === "bottom"
  117 |             ? sideOffset
  118 |             : -sideOffset                                                                                                                                                                                                                                                                                                                                                                            react-hooks/refs
  122:9   error  Error: Cannot access refs during render

React refs are values that are not needed for rendering. Refs should only be accessed outside of render, such as in event handlers or effects. Accessing a ref value (the `current` property) during render can cause your component not to update as expected (https://react.dev/reference/react/useRef).

/workspace/scratch/75c2273f6a80/arca-ui-V030-042/enterprise/frontend/packages/business-shared/src/components/motion/combobox/content.tsx:122:9
  120 |       }}
  121 |       transition={
> 122 |         context.reduce || !morphReady ? { duration: 0 } : context.open ? COMBOBOX_MORPH : { duration: MOTION.exit.menu, ease: MOTION.ease.exit }
      |         ^^^^^^^^^^^^^^ Cannot access ref value during render
  123 |       }
  124 |       style={
  125 |         {                                                                                                                                                                                                                                                                                                                                                      react-hooks/refs
  122:9   error  Error: Cannot access refs during render

React refs are values that are not needed for rendering. Refs should only be accessed outside of render, such as in event handlers or effects. Accessing a ref value (the `current` property) during render can cause your component not to update as expected (https://react.dev/reference/react/useRef).

/workspace/scratch/75c2273f6a80/arca-ui-V030-042/enterprise/frontend/packages/business-shared/src/components/motion/combobox/content.tsx:122:9
  120 |       }}
  121 |       transition={
> 122 |         context.reduce || !morphReady ? { duration: 0 } : context.open ? COMBOBOX_MORPH : { duration: MOTION.exit.menu, ease: MOTION.ease.exit }
      |         ^^^^^^^^^^^^^^^^^^^^^^^^^^^^^ Cannot access ref value during render
  123 |       }
  124 |       style={
  125 |         {                                                                                                                                                                                                                                                                                                                                       react-hooks/refs
  122:59  error  Error: Cannot access refs during render

React refs are values that are not needed for rendering. Refs should only be accessed outside of render, such as in event handlers or effects. Accessing a ref value (the `current` property) during render can cause your component not to update as expected (https://react.dev/reference/react/useRef).

/workspace/scratch/75c2273f6a80/arca-ui-V030-042/enterprise/frontend/packages/business-shared/src/components/motion/combobox/content.tsx:122:59
  120 |       }}
  121 |       transition={
> 122 |         context.reduce || !morphReady ? { duration: 0 } : context.open ? COMBOBOX_MORPH : { duration: MOTION.exit.menu, ease: MOTION.ease.exit }
      |                                                           ^^^^^^^^^^^^ Cannot access ref value during render
  123 |       }
  124 |       style={
  125 |         {                                                                                                                                                                                                                                                                                                     react-hooks/refs
  136:26  error  Error: Cannot access refs during render

React refs are values that are not needed for rendering. Refs should only be accessed outside of render, such as in event handlers or effects. Accessing a ref value (the `current` property) during render can cause your component not to update as expected (https://react.dev/reference/react/useRef).

/workspace/scratch/75c2273f6a80/arca-ui-V030-042/enterprise/frontend/packages/business-shared/src/components/motion/combobox/content.tsx:136:26
  134 |               : undefined,
  135 |           minWidth: triggerWidth,
> 136 |           pointerEvents: context.open ? "auto" : "none",
      |                          ^^^^^^^^^^^^ Cannot access ref value during render
  137 |           transformOrigin: actualSide === "bottom" ? "top" : "bottom",
  138 |           visibility: layout ? "visible" : "hidden",
  139 |           "--combobox-trigger-width": `${triggerWidth}px`,                                                                                                                                                                                                                                      react-hooks/refs
  150:29  error  Error: Cannot access refs during render

React refs are values that are not needed for rendering. Refs should only be accessed outside of render, such as in event handlers or effects. Accessing a ref value (the `current` property) during render can cause your component not to update as expected (https://react.dev/reference/react/useRef).

/workspace/scratch/75c2273f6a80/arca-ui-V030-042/enterprise/frontend/packages/business-shared/src/components/motion/combobox/content.tsx:150:29
  148 |         ref={measureRef}
  149 |         initial={false}
> 150 |         animate={{ opacity: context.open ? 1 : 0 }}
      |                             ^^^^^^^^^^^^ Cannot access ref value during render
  151 |         transition={
  152 |           context.reduce || !morphReady ? { duration: 0 } : context.open ? COMBOBOX_MORPH : { duration: MOTION.exit.menu, ease: MOTION.ease.exit }
  153 |         }                                                                                                                                                                                                                                                         react-hooks/refs
  152:11  error  Error: Cannot access refs during render

React refs are values that are not needed for rendering. Refs should only be accessed outside of render, such as in event handlers or effects. Accessing a ref value (the `current` property) during render can cause your component not to update as expected (https://react.dev/reference/react/useRef).

/workspace/scratch/75c2273f6a80/arca-ui-V030-042/enterprise/frontend/packages/business-shared/src/components/motion/combobox/content.tsx:152:11
  150 |         animate={{ opacity: context.open ? 1 : 0 }}
  151 |         transition={
> 152 |           context.reduce || !morphReady ? { duration: 0 } : context.open ? COMBOBOX_MORPH : { duration: MOTION.exit.menu, ease: MOTION.ease.exit }
      |           ^^^^^^^^^^^^^^ Cannot access ref value during render
  153 |         }
  154 |       >
  155 |         {children}                                                                                                                                                                                                                                                                                               react-hooks/refs
  152:11  error  Error: Cannot access refs during render

React refs are values that are not needed for rendering. Refs should only be accessed outside of render, such as in event handlers or effects. Accessing a ref value (the `current` property) during render can cause your component not to update as expected (https://react.dev/reference/react/useRef).

/workspace/scratch/75c2273f6a80/arca-ui-V030-042/enterprise/frontend/packages/business-shared/src/components/motion/combobox/content.tsx:152:11
  150 |         animate={{ opacity: context.open ? 1 : 0 }}
  151 |         transition={
> 152 |           context.reduce || !morphReady ? { duration: 0 } : context.open ? COMBOBOX_MORPH : { duration: MOTION.exit.menu, ease: MOTION.ease.exit }
      |           ^^^^^^^^^^^^^^^^^^^^^^^^^^^^^ Cannot access ref value during render
  153 |         }
  154 |       >
  155 |         {children}                                                                                                                                                                                                                                                                                react-hooks/refs
  152:61  error  Error: Cannot access refs during render

React refs are values that are not needed for rendering. Refs should only be accessed outside of render, such as in event handlers or effects. Accessing a ref value (the `current` property) during render can cause your component not to update as expected (https://react.dev/reference/react/useRef).

/workspace/scratch/75c2273f6a80/arca-ui-V030-042/enterprise/frontend/packages/business-shared/src/components/motion/combobox/content.tsx:152:61
  150 |         animate={{ opacity: context.open ? 1 : 0 }}
  151 |         transition={
> 152 |           context.reduce || !morphReady ? { duration: 0 } : context.open ? COMBOBOX_MORPH : { duration: MOTION.exit.menu, ease: MOTION.ease.exit }
      |                                                             ^^^^^^^^^^^^ Cannot access ref value during render
  153 |         }
  154 |       >
  155 |         {children}                                                                                                                                                                                                                                               react-hooks/refs

/workspace/scratch/75c2273f6a80/arca-ui-V030-042/enterprise/frontend/packages/business-shared/src/components/motion/combobox/context.tsx
  85:14  error  Fast refresh only works when a file only exports components. Move your React context(s) to a separate file                      react-refresh/only-export-components
  86:14  error  Fast refresh only works when a file only exports components. Move your React context(s) to a separate file                      react-refresh/only-export-components
  88:17  error  Fast refresh only works when a file only exports components. Use a new file to share constants or functions between components  react-refresh/only-export-components
  94:17  error  Fast refresh only works when a file only exports components. Use a new file to share constants or functions between components  react-refresh/only-export-components

/workspace/scratch/75c2273f6a80/arca-ui-V030-042/enterprise/frontend/packages/business-shared/src/components/motion/combobox/trigger.tsx
  24:12  error  Error: Cannot access refs during render

React refs are values that are not needed for rendering. Refs should only be accessed outside of render, such as in event handlers or effects. Accessing a ref value (the `current` property) during render can cause your component not to update as expected (https://react.dev/reference/react/useRef).

/workspace/scratch/75c2273f6a80/arca-ui-V030-042/enterprise/frontend/packages/business-shared/src/components/motion/combobox/trigger.tsx:24:12
  22 |   return (
  23 |     <div
> 24 |       ref={context.triggerRef}
     |            ^^^^^^^^^^^^^^^^^^ Cannot access ref value during render
  25 |       id={context.triggerId}
  26 |       data-state={context.open ? "open" : "closed"}
  27 |       onPointerDown={(event) => {                                                                                                                                                                                                                                                                                                                 react-hooks/refs
  25:11  error  Error: Cannot access refs during render

React refs are values that are not needed for rendering. Refs should only be accessed outside of render, such as in event handlers or effects. Accessing a ref value (the `current` property) during render can cause your component not to update as expected (https://react.dev/reference/react/useRef).

/workspace/scratch/75c2273f6a80/arca-ui-V030-042/enterprise/frontend/packages/business-shared/src/components/motion/combobox/trigger.tsx:25:11
  23 |     <div
  24 |       ref={context.triggerRef}
> 25 |       id={context.triggerId}
     |           ^^^^^^^^^^^^^^^^^ Cannot access ref value during render
  26 |       data-state={context.open ? "open" : "closed"}
  27 |       onPointerDown={(event) => {
  28 |         if (context.disabled || event.target === context.inputRef.current) return;                                                                                                                                                                                                                                           react-hooks/refs
  26:19  error  Error: Cannot access refs during render

React refs are values that are not needed for rendering. Refs should only be accessed outside of render, such as in event handlers or effects. Accessing a ref value (the `current` property) during render can cause your component not to update as expected (https://react.dev/reference/react/useRef).

/workspace/scratch/75c2273f6a80/arca-ui-V030-042/enterprise/frontend/packages/business-shared/src/components/motion/combobox/trigger.tsx:26:19
  24 |       ref={context.triggerRef}
  25 |       id={context.triggerId}
> 26 |       data-state={context.open ? "open" : "closed"}
     |                   ^^^^^^^^^^^^ Cannot access ref value during render
  27 |       onPointerDown={(event) => {
  28 |         if (context.disabled || event.target === context.inputRef.current) return;
  29 |         event.preventDefault();                                                                                                                                                                                                                 react-hooks/refs
  36:9   error  Error: Cannot access refs during render

React refs are values that are not needed for rendering. Refs should only be accessed outside of render, such as in event handlers or effects. Accessing a ref value (the `current` property) during render can cause your component not to update as expected (https://react.dev/reference/react/useRef).

/workspace/scratch/75c2273f6a80/arca-ui-V030-042/enterprise/frontend/packages/business-shared/src/components/motion/combobox/trigger.tsx:36:9
  34 |         "relative z-20 flex h-10 w-full min-w-52 cursor-text items-center justify-between gap-3 rounded-card border border-border bg-transparent px-3 text-body text-foreground transition-border-color hover:border-(--color-border-strong)",
  35 |         "focus-within:ring-2 focus-within:ring-ring/40 focus-within:ring-inset",
> 36 |         context.disabled && "pointer-events-none opacity-50",
     |         ^^^^^^^^^^^^^^^^ Cannot access ref value during render
  37 |         className,
  38 |       )}
  39 |     >                                                             react-hooks/refs
  36:9   error  Error: Cannot access refs during render

React refs are values that are not needed for rendering. Refs should only be accessed outside of render, such as in event handlers or effects. Accessing a ref value (the `current` property) during render can cause your component not to update as expected (https://react.dev/reference/react/useRef).

/workspace/scratch/75c2273f6a80/arca-ui-V030-042/enterprise/frontend/packages/business-shared/src/components/motion/combobox/trigger.tsx:36:9
  34 |         "relative z-20 flex h-10 w-full min-w-52 cursor-text items-center justify-between gap-3 rounded-card border border-border bg-transparent px-3 text-body text-foreground transition-border-color hover:border-(--color-border-strong)",
  35 |         "focus-within:ring-2 focus-within:ring-ring/40 focus-within:ring-inset",
> 36 |         context.disabled && "pointer-events-none opacity-50",
     |         ^^^^^^^^^^^^^^^^^^^^^^^^^^^^^^^^^^^^^^^^^^^^^^^^^^^^ Passing a ref to a function may read its value during render
  37 |         className,
  38 |       )}
  39 |     >  react-hooks/refs

/workspace/scratch/75c2273f6a80/arca-ui-V030-042/enterprise/frontend/packages/business-shared/src/components/motion/combobox/use-active-option.ts
  90:38  error  Compilation Skipped: Existing memoization could not be preserved

React Compiler has skipped optimizing this component because the existing manual memoization could not be preserved. The inferred dependencies did not match the manually specified dependencies, which could cause the value to change more or less frequently than expected. The inferred dependency was `setCursor`, but the source dependencies were []. Inferred dependency not present in source.

/workspace/scratch/75c2273f6a80/arca-ui-V030-042/enterprise/frontend/packages/business-shared/src/components/motion/combobox/use-active-option.ts:90:38
  88 |   });
  89 |
> 90 |   const setActiveValue = useCallback((next: string | null) => {
     |                                      ^^^^^^^^^^^^^^^^^^^^^^^^^^
> 91 |     setCursor(
     | ^^^^^^^^^^^^^^
> 92 |       next === null ? null : { value: next, query: latest.current.query },
     | ^^^^^^^^^^^^^^
> 93 |     );
     | ^^^^^^^^^^^^^^
> 94 |   }, []);
     | ^^^^ Could not preserve existing manual memoization
  95 |
  96 |   // Steps from the option the cursor really resolves to, inside the update, so
  97 |   // that two keys landing in one batch move two rows rather than one                                                react-hooks/preserve-manual-memoization
  99:5   error  Compilation Skipped: Existing memoization could not be preserved

React Compiler has skipped optimizing this component because the existing manual memoization could not be preserved. The inferred dependencies did not match the manually specified dependencies, which could cause the value to change more or less frequently than expected. The inferred dependency was `setCursor`, but the source dependencies were []. Inferred dependency not present in source.

/workspace/scratch/75c2273f6a80/arca-ui-V030-042/enterprise/frontend/packages/business-shared/src/components/motion/combobox/use-active-option.ts:99:5
   97 |   // that two keys landing in one batch move two rows rather than one.
   98 |   const moveActive = useCallback(
>  99 |     (direction: 1 | -1 | "first" | "last") => {
      |     ^^^^^^^^^^^^^^^^^^^^^^^^^^^^^^^^^^^^^^^^^^^
> 100 |       const options = latest.current;
      | ^^^^^^^^^^^^^^^^^^^^^^^^^^^^^^^^^^^^^
> 101 |       // While closed the list is still filtering by the query it was open
      …
      | ^^^^^^^^^^^^^^^^^^^^^^^^^^^^^^^^^^^^^
> 124 |       });
      | ^^^^^^^^^^^^^^^^^^^^^^^^^^^^^^^^^^^^^
> 125 |     },
      | ^^^^^^ Could not preserve existing manual memoization
  126 |     [],
  127 |   );
  128 |  react-hooks/preserve-manual-memoization

/workspace/scratch/75c2273f6a80/arca-ui-V030-042/enterprise/frontend/packages/business-shared/src/components/motion/command-palette.tsx
  84:19  error  Error: Calling setState synchronously within an effect can trigger cascading renders

Effects are intended to synchronize state between React and external systems such as manually updating the DOM, state management libraries, or other platform APIs. In general, the body of an effect should do one or both of the following:
* Update external systems with the latest state from React.
* Subscribe for updates from some external system, calling setState in a callback function when external state changes.

Calling setState synchronously within an effect body causes cascading renders that can hurt performance, and is not recommended. (https://react.dev/learn/you-might-not-need-an-effect).

/workspace/scratch/75c2273f6a80/arca-ui-V030-042/enterprise/frontend/packages/business-shared/src/components/motion/command-palette.tsx:84:19
  82 |   // Portal target only exists client-side; render nothing during SSR/hydration.
  83 |   const [mounted, setMounted] = useState(false);
> 84 |   useEffect(() => setMounted(true), []);
     |                   ^^^^^^^^^^ Avoid calling setState() directly within an effect
  85 |   const uid = useId();
  86 |   const reduce = useReducedMotion();
  87 |   const canTouch = useTouchCapable();  react-hooks/set-state-in-effect

/workspace/scratch/75c2273f6a80/arca-ui-V030-042/enterprise/frontend/packages/business-shared/src/components/motion/context-menu.tsx
    2:1   error  Expected an assignment or function call and instead saw an expression                                                                                                                                                                                                                                                                                                                                                                                                                                                                                                                                                                                                                                                                                                                                                                                                                                                                                                                                                                                                                                                                                                            @typescript-eslint/no-unused-expressions
  272:33  error  Error: Cannot access refs during render

React refs are values that are not needed for rendering. Refs should only be accessed outside of render, such as in event handlers or effects. Accessing a ref value (the `current` property) during render can cause your component not to update as expected (https://react.dev/reference/react/useRef).

/workspace/scratch/75c2273f6a80/arca-ui-V030-042/enterprise/frontend/packages/business-shared/src/components/motion/context-menu.tsx:272:33
  270 |   };
  271 |
> 272 |   return cloneElement(children, {
      |                                 ^
> 273 |     ref: (node: HTMLElement | null) => {
      | ^^^^^^^^^^^^^^^^^^^^^^^^^^^^^^^^^^^^^^^^
> 274 |       context.triggerRef.current = node;
      …
      | ^^^^^^^^^^^^^^^^^^^^^^^^^^^^^^^^^^^^^^^^
> 298 |     },
      | ^^^^^^^^^^^^^^^^^^^^^^^^^^^^^^^^^^^^^^^^
> 299 |   });
      | ^^^^ Passing a ref to a function may read its value during render
  300 | }
  301 |
  302 | export interface ContextMenuContentProps {                                                                                                                               react-hooks/refs
  274:7   error  Error: This value cannot be modified

Modifying a value returned from a hook is not allowed. Consider moving the modification into the hook where the value is constructed.

/workspace/scratch/75c2273f6a80/arca-ui-V030-042/enterprise/frontend/packages/business-shared/src/components/motion/context-menu.tsx:274:7
  272 |   return cloneElement(children, {
  273 |     ref: (node: HTMLElement | null) => {
> 274 |       context.triggerRef.current = node;
      |       ^^^^^^^^^^^^^^^^^^ `context` cannot be modified
  275 |       assignRef(childRef, node);
  276 |     },
  277 |     "aria-controls": context.open ? context.menuId : undefined,                                                                                                                                                                                                                                                                                                                                                                                                                                                                                                                react-hooks/immutability
  321:19  error  Error: Calling setState synchronously within an effect can trigger cascading renders

Effects are intended to synchronize state between React and external systems such as manually updating the DOM, state management libraries, or other platform APIs. In general, the body of an effect should do one or both of the following:
* Update external systems with the latest state from React.
* Subscribe for updates from some external system, calling setState in a callback function when external state changes.

Calling setState synchronously within an effect body causes cascading renders that can hurt performance, and is not recommended. (https://react.dev/learn/you-might-not-need-an-effect).

/workspace/scratch/75c2273f6a80/arca-ui-V030-042/enterprise/frontend/packages/business-shared/src/components/motion/context-menu.tsx:321:19
  319 |   const typeaheadTimer = useRef<ReturnType<typeof setTimeout> | null>(null);
  320 |
> 321 |   useEffect(() => setMounted(true), []);
      |                   ^^^^^^^^^^ Avoid calling setState() directly within an effect
  322 |
  323 |   useLayoutEffect(() => {
  324 |     if (!context.open) {  react-hooks/set-state-in-effect
  325:7   error  Error: Calling setState synchronously within an effect can trigger cascading renders

Effects are intended to synchronize state between React and external systems such as manually updating the DOM, state management libraries, or other platform APIs. In general, the body of an effect should do one or both of the following:
* Update external systems with the latest state from React.
* Subscribe for updates from some external system, calling setState in a callback function when external state changes.

Calling setState synchronously within an effect body causes cascading renders that can hurt performance, and is not recommended. (https://react.dev/learn/you-might-not-need-an-effect).

/workspace/scratch/75c2273f6a80/arca-ui-V030-042/enterprise/frontend/packages/business-shared/src/components/motion/context-menu.tsx:325:7
  323 |   useLayoutEffect(() => {
  324 |     if (!context.open) {
> 325 |       setMorphReady(false);
      |       ^^^^^^^^^^^^^ Avoid calling setState() directly within an effect
  326 |       return;
  327 |     }
  328 |     const content = context.contentRef.current;                                  react-hooks/set-state-in-effect
  330:5   error  Error: This value cannot be modified

Modifying a value returned from a hook is not allowed. Consider moving the modification into the hook where the value is constructed.

/workspace/scratch/75c2273f6a80/arca-ui-V030-042/enterprise/frontend/packages/business-shared/src/components/motion/context-menu.tsx:330:5
  328 |     const content = context.contentRef.current;
  329 |     if (!content) return;
> 330 |     content.dataset.invocation = String(context.invocation);
      |     ^^^^^^^^^^^^^^^ `context` cannot be modified
  331 |
  332 |     const rect = content.getBoundingClientRect();
  333 |     const left = Math.max(                                                                                                                                                                                                                                                                                                                                                                                                                                                                                                                             react-hooks/immutability
  460:14  error  Error: Cannot access refs during render

React refs are values that are not needed for rendering. Refs should only be accessed outside of render, such as in event handlers or effects. Accessing a ref value (the `current` property) during render can cause your component not to update as expected (https://react.dev/reference/react/useRef).

/workspace/scratch/75c2273f6a80/arca-ui-V030-042/enterprise/frontend/packages/business-shared/src/components/motion/context-menu.tsx:460:14
  458 |     >
  459 |       <motion.div
> 460 |         ref={context.contentRef}
      |              ^^^^^^^^^^^^^^^^^^ Cannot access ref value during render
  461 |         id={context.menuId}
  462 |         role="menu"
  463 |         aria-label={ariaLabel}                                                                                                                                                                                                                                                                                                                                                                                                           react-hooks/refs
  461:13  error  Error: Cannot access refs during render

React refs are values that are not needed for rendering. Refs should only be accessed outside of render, such as in event handlers or effects. Accessing a ref value (the `current` property) during render can cause your component not to update as expected (https://react.dev/reference/react/useRef).

/workspace/scratch/75c2273f6a80/arca-ui-V030-042/enterprise/frontend/packages/business-shared/src/components/motion/context-menu.tsx:461:13
  459 |       <motion.div
  460 |         ref={context.contentRef}
> 461 |         id={context.menuId}
      |             ^^^^^^^^^^^^^^ Cannot access ref value during render
  462 |         role="menu"
  463 |         aria-label={ariaLabel}
  464 |         data-morph-ready={morphReady ? "true" : "false"}                                                                                                                                                                                                                                                                                                                                                             react-hooks/refs
  469:56  error  Error: Cannot access refs during render

React refs are values that are not needed for rendering. Refs should only be accessed outside of render, such as in event handlers or effects. Accessing a ref value (the `current` property) during render can cause your component not to update as expected (https://react.dev/reference/react/useRef).

/workspace/scratch/75c2273f6a80/arca-ui-V030-042/enterprise/frontend/packages/business-shared/src/components/motion/context-menu.tsx:469:56
  467 |         data-dw-custom-menu=""
  468 |         style={{ transformOrigin: `${origin.x}px ${origin.y}px` }}
> 469 |         animate={{ opacity: visualOpen ? 1 : 0, scale: context.reduce || visualOpen ? 1 : 0.98 }}
      |                                                        ^^^^^^^^^^^^^^ Cannot access ref value during render
  470 |         transition={{
  471 |           duration: context.reduce || context.modality === "keyboard" ? 0 : context.open ? MOTION.duration.menu : MOTION.exit.menu,
  472 |           ease: context.open ? MOTION.ease.enter : MOTION.ease.exit,                                                                          react-hooks/refs
  469:56  error  Error: Cannot access refs during render

React refs are values that are not needed for rendering. Refs should only be accessed outside of render, such as in event handlers or effects. Accessing a ref value (the `current` property) during render can cause your component not to update as expected (https://react.dev/reference/react/useRef).

/workspace/scratch/75c2273f6a80/arca-ui-V030-042/enterprise/frontend/packages/business-shared/src/components/motion/context-menu.tsx:469:56
  467 |         data-dw-custom-menu=""
  468 |         style={{ transformOrigin: `${origin.x}px ${origin.y}px` }}
> 469 |         animate={{ opacity: visualOpen ? 1 : 0, scale: context.reduce || visualOpen ? 1 : 0.98 }}
      |                                                        ^^^^^^^^^^^^^^^^^^^^^^^^^^^^ Cannot access ref value during render
  470 |         transition={{
  471 |           duration: context.reduce || context.modality === "keyboard" ? 0 : context.open ? MOTION.duration.menu : MOTION.exit.menu,
  472 |           ease: context.open ? MOTION.ease.enter : MOTION.ease.exit,                                                            react-hooks/refs
  471:21  error  Error: Cannot access refs during render

React refs are values that are not needed for rendering. Refs should only be accessed outside of render, such as in event handlers or effects. Accessing a ref value (the `current` property) during render can cause your component not to update as expected (https://react.dev/reference/react/useRef).

/workspace/scratch/75c2273f6a80/arca-ui-V030-042/enterprise/frontend/packages/business-shared/src/components/motion/context-menu.tsx:471:21
  469 |         animate={{ opacity: visualOpen ? 1 : 0, scale: context.reduce || visualOpen ? 1 : 0.98 }}
  470 |         transition={{
> 471 |           duration: context.reduce || context.modality === "keyboard" ? 0 : context.open ? MOTION.duration.menu : MOTION.exit.menu,
      |                     ^^^^^^^^^^^^^^ Cannot access ref value during render
  472 |           ease: context.open ? MOTION.ease.enter : MOTION.ease.exit,
  473 |         }}
  474 |         onKeyDown={onKeyDown}                                                                                                                                                                      react-hooks/refs
  471:21  error  Error: Cannot access refs during render

React refs are values that are not needed for rendering. Refs should only be accessed outside of render, such as in event handlers or effects. Accessing a ref value (the `current` property) during render can cause your component not to update as expected (https://react.dev/reference/react/useRef).

/workspace/scratch/75c2273f6a80/arca-ui-V030-042/enterprise/frontend/packages/business-shared/src/components/motion/context-menu.tsx:471:21
  469 |         animate={{ opacity: visualOpen ? 1 : 0, scale: context.reduce || visualOpen ? 1 : 0.98 }}
  470 |         transition={{
> 471 |           duration: context.reduce || context.modality === "keyboard" ? 0 : context.open ? MOTION.duration.menu : MOTION.exit.menu,
      |                     ^^^^^^^^^^^^^^^^^^^^^^^^^^^^^^^^^^^^^^^^^^^^^^^^^ Cannot access ref value during render
  472 |           ease: context.open ? MOTION.ease.enter : MOTION.ease.exit,
  473 |         }}
  474 |         onKeyDown={onKeyDown}                                                                                                                                   react-hooks/refs
  471:39  error  Error: Cannot access refs during render

React refs are values that are not needed for rendering. Refs should only be accessed outside of render, such as in event handlers or effects. Accessing a ref value (the `current` property) during render can cause your component not to update as expected (https://react.dev/reference/react/useRef).

/workspace/scratch/75c2273f6a80/arca-ui-V030-042/enterprise/frontend/packages/business-shared/src/components/motion/context-menu.tsx:471:39
  469 |         animate={{ opacity: visualOpen ? 1 : 0, scale: context.reduce || visualOpen ? 1 : 0.98 }}
  470 |         transition={{
> 471 |           duration: context.reduce || context.modality === "keyboard" ? 0 : context.open ? MOTION.duration.menu : MOTION.exit.menu,
      |                                       ^^^^^^^^^^^^^^^^ Cannot access ref value during render
  472 |           ease: context.open ? MOTION.ease.enter : MOTION.ease.exit,
  473 |         }}
  474 |         onKeyDown={onKeyDown}                                                                                                                                                  react-hooks/refs
  471:77  error  Error: Cannot access refs during render

React refs are values that are not needed for rendering. Refs should only be accessed outside of render, such as in event handlers or effects. Accessing a ref value (the `current` property) during render can cause your component not to update as expected (https://react.dev/reference/react/useRef).

/workspace/scratch/75c2273f6a80/arca-ui-V030-042/enterprise/frontend/packages/business-shared/src/components/motion/context-menu.tsx:471:77
  469 |         animate={{ opacity: visualOpen ? 1 : 0, scale: context.reduce || visualOpen ? 1 : 0.98 }}
  470 |         transition={{
> 471 |           duration: context.reduce || context.modality === "keyboard" ? 0 : context.open ? MOTION.duration.menu : MOTION.exit.menu,
      |                                                                             ^^^^^^^^^^^^ Cannot access ref value during render
  472 |           ease: context.open ? MOTION.ease.enter : MOTION.ease.exit,
  473 |         }}
  474 |         onKeyDown={onKeyDown}                                                                                                                react-hooks/refs
  472:17  error  Error: Cannot access refs during render

React refs are values that are not needed for rendering. Refs should only be accessed outside of render, such as in event handlers or effects. Accessing a ref value (the `current` property) during render can cause your component not to update as expected (https://react.dev/reference/react/useRef).

/workspace/scratch/75c2273f6a80/arca-ui-V030-042/enterprise/frontend/packages/business-shared/src/components/motion/context-menu.tsx:472:17
  470 |         transition={{
  471 |           duration: context.reduce || context.modality === "keyboard" ? 0 : context.open ? MOTION.duration.menu : MOTION.exit.menu,
> 472 |           ease: context.open ? MOTION.ease.enter : MOTION.ease.exit,
      |                 ^^^^^^^^^^^^ Cannot access ref value during render
  473 |         }}
  474 |         onKeyDown={onKeyDown}
  475 |         onContextMenu={(event) => event.preventDefault()}                                                                                                                                                                                                                    react-hooks/refs

/workspace/scratch/75c2273f6a80/arca-ui-V030-042/enterprise/frontend/packages/business-shared/src/components/motion/file-tree.tsx
   87:32  error  '_props' is defined but never used                                                                                                                                                                                                                                                                                                                                                                                                                                                                                                                                                                                                                                                                                                                                                                                                                                                                                                                                                                                                                                                                                                                                                     @typescript-eslint/no-unused-vars
   91:30  error  '_props' is defined but never used                                                                                                                                                                                                                                                                                                                                                                                                                                                                                                                                                                                                                                                                                                                                                                                                                                                                                                                                                                                                                                                                                                                                                     @typescript-eslint/no-unused-vars
  273:35  error  Error: Calling setState synchronously within an effect can trigger cascading renders

Effects are intended to synchronize state between React and external systems such as manually updating the DOM, state management libraries, or other platform APIs. In general, the body of an effect should do one or both of the following:
* Update external systems with the latest state from React.
* Subscribe for updates from some external system, calling setState in a callback function when external state changes.

Calling setState synchronously within an effect body causes cascading renders that can hurt performance, and is not recommended. (https://react.dev/learn/you-might-not-need-an-effect).

/workspace/scratch/75c2273f6a80/arca-ui-V030-042/enterprise/frontend/packages/business-shared/src/components/motion/file-tree.tsx:273:35
  271 |
  272 |   useEffect(() => {
> 273 |     if (focusedId !== focusedRow) setFocusedId(focusedRow);
      |                                   ^^^^^^^^^^^^ Avoid calling setState() directly within an effect
  274 |   }, [focusedId, focusedRow]);
  275 |
  276 |   const focusRow = useCallback((id: string) => {  react-hooks/set-state-in-effect

/workspace/scratch/75c2273f6a80/arca-ui-V030-042/enterprise/frontend/packages/business-shared/src/components/motion/file-upload.tsx
  136:17  error  Fast refresh only works when a file only exports components. Use a new file to share constants or functions between components  react-refresh/only-export-components

/workspace/scratch/75c2273f6a80/arca-ui-V030-042/enterprise/frontend/packages/business-shared/src/components/motion/loader.tsx
    3:1  error  Expected an assignment or function call and instead saw an expression                                                                                                                                                                                                                                                                                                                                                                                                                                                                                                                                                                                                                                                                                                                                                                                                                                                                                                                                                                                                                         @typescript-eslint/no-unused-expressions
  319:7  error  Error: Calling setState synchronously within an effect can trigger cascading renders

Effects are intended to synchronize state between React and external systems such as manually updating the DOM, state management libraries, or other platform APIs. In general, the body of an effect should do one or both of the following:
* Update external systems with the latest state from React.
* Subscribe for updates from some external system, calling setState in a callback function when external state changes.

Calling setState synchronously within an effect body causes cascading renders that can hurt performance, and is not recommended. (https://react.dev/learn/you-might-not-need-an-effect).

/workspace/scratch/75c2273f6a80/arca-ui-V030-042/enterprise/frontend/packages/business-shared/src/components/motion/loader.tsx:319:7
  317 |   useEffect(() => {
  318 |     if (reduce) {
> 319 |       setText(SCRAMBLE_TARGET);
      |       ^^^^^^^ Avoid calling setState() directly within an effect
  320 |       return;
  321 |     }
  322 |     let tick = 0;  react-hooks/set-state-in-effect

/workspace/scratch/75c2273f6a80/arca-ui-V030-042/enterprise/frontend/packages/business-shared/src/components/motion/morphing-search.tsx
    2:1   error  Expected an assignment or function call and instead saw an expression                                                                                                                                                                                                                                                                                                                                                                                                                                                                                                                                                                                                                                                                                                                                                                                                                                                                                                                                                                                                                                                                                          @typescript-eslint/no-unused-expressions
  184:18  error  Error: Calling setState synchronously within an effect can trigger cascading renders

Effects are intended to synchronize state between React and external systems such as manually updating the DOM, state management libraries, or other platform APIs. In general, the body of an effect should do one or both of the following:
* Update external systems with the latest state from React.
* Subscribe for updates from some external system, calling setState in a callback function when external state changes.

Calling setState synchronously within an effect body causes cascading renders that can hurt performance, and is not recommended. (https://react.dev/learn/you-might-not-need-an-effect).

/workspace/scratch/75c2273f6a80/arca-ui-V030-042/enterprise/frontend/packages/business-shared/src/components/motion/morphing-search.tsx:184:18
  182 | 	}, [setOpen, updateQuery]);
  183 |
> 184 | 	useEffect(() => setMounted(true), []);
      | 	                ^^^^^^^^^^ Avoid calling setState() directly within an effect
  185 |
  186 | 	useLayoutEffect(() => {
  187 | 		if (!open || !mounted || !dialogRef.current) return;  react-hooks/set-state-in-effect
  194:13  error  Error: Calling setState synchronously within an effect can trigger cascading renders

Effects are intended to synchronize state between React and external systems such as manually updating the DOM, state management libraries, or other platform APIs. In general, the body of an effect should do one or both of the following:
* Update external systems with the latest state from React.
* Subscribe for updates from some external system, calling setState in a callback function when external state changes.

Calling setState synchronously within an effect body causes cascading renders that can hurt performance, and is not recommended. (https://react.dev/learn/you-might-not-need-an-effect).

/workspace/scratch/75c2273f6a80/arca-ui-V030-042/enterprise/frontend/packages/business-shared/src/components/motion/morphing-search.tsx:194:13
  192 |
  193 | 	useEffect(() => {
> 194 | 		if (open) setBackgroundScrollLocked(true);
      | 		          ^^^^^^^^^^^^^^^^^^^^^^^^^ Avoid calling setState() directly within an effect
  195 | 	}, [open]);
  196 |
  197 | 	useEffect(() => {                                             react-hooks/set-state-in-effect

/workspace/scratch/75c2273f6a80/arca-ui-V030-042/enterprise/frontend/packages/business-shared/src/components/motion/not-found/glitch.tsx
  29:7  error  Error: Calling setState synchronously within an effect can trigger cascading renders

Effects are intended to synchronize state between React and external systems such as manually updating the DOM, state management libraries, or other platform APIs. In general, the body of an effect should do one or both of the following:
* Update external systems with the latest state from React.
* Subscribe for updates from some external system, calling setState in a callback function when external state changes.

Calling setState synchronously within an effect body causes cascading renders that can hurt performance, and is not recommended. (https://react.dev/learn/you-might-not-need-an-effect).

/workspace/scratch/75c2273f6a80/arca-ui-V030-042/enterprise/frontend/packages/business-shared/src/components/motion/not-found/glitch.tsx:29:7
  27 |   useEffect(() => {
  28 |     if (reduce) {
> 29 |       setDisplay(text);
     |       ^^^^^^^^^^ Avoid calling setState() directly within an effect
  30 |       return;
  31 |     }
  32 |     const chars = text.split("");  react-hooks/set-state-in-effect

/workspace/scratch/75c2273f6a80/arca-ui-V030-042/enterprise/frontend/packages/business-shared/src/components/motion/not-found/shared.tsx
  25:14  error  Fast refresh only works when a file only exports components. Use a new file to share constants or functions between components  react-refresh/only-export-components

/workspace/scratch/75c2273f6a80/arca-ui-V030-042/enterprise/frontend/packages/business-shared/src/components/motion/select.tsx
  318:12   error    Error: Cannot access refs during render

React refs are values that are not needed for rendering. Refs should only be accessed outside of render, such as in event handlers or effects. Accessing a ref value (the `current` property) during render can cause your component not to update as expected (https://react.dev/reference/react/useRef).

/workspace/scratch/75c2273f6a80/arca-ui-V030-042/enterprise/frontend/packages/business-shared/src/components/motion/select.tsx:318:12
  316 |   const panel = (
  317 |     <motion.div
> 318 |       ref={ctx.panelRef}
      |            ^^^^^^^^^^^^ Cannot access ref value during render
  319 |       id={ctx.listId}
  320 |       role="listbox"
  321 |       aria-labelledby={ctx.triggerId}                                                                                                                                                                                                                                                                                                                  react-hooks/refs
  319:11   error    Error: Cannot access refs during render

React refs are values that are not needed for rendering. Refs should only be accessed outside of render, such as in event handlers or effects. Accessing a ref value (the `current` property) during render can cause your component not to update as expected (https://react.dev/reference/react/useRef).

/workspace/scratch/75c2273f6a80/arca-ui-V030-042/enterprise/frontend/packages/business-shared/src/components/motion/select.tsx:319:11
  317 |     <motion.div
  318 |       ref={ctx.panelRef}
> 319 |       id={ctx.listId}
      |           ^^^^^^^^^^ Cannot access ref value during render
  320 |       role="listbox"
  321 |       aria-labelledby={ctx.triggerId}
  322 |       aria-hidden={!open}                                                                                                                                                                                                                                                                                                             react-hooks/refs
  321:24   error    Error: Cannot access refs during render

React refs are values that are not needed for rendering. Refs should only be accessed outside of render, such as in event handlers or effects. Accessing a ref value (the `current` property) during render can cause your component not to update as expected (https://react.dev/reference/react/useRef).

/workspace/scratch/75c2273f6a80/arca-ui-V030-042/enterprise/frontend/packages/business-shared/src/components/motion/select.tsx:321:24
  319 |       id={ctx.listId}
  320 |       role="listbox"
> 321 |       aria-labelledby={ctx.triggerId}
      |                        ^^^^^^^^^^^^^ Cannot access ref value during render
  322 |       aria-hidden={!open}
  323 |       inert={!open}
  324 |       initial={false}                                                                                                                                                                                                                                                                                            react-hooks/refs
  322:21   error    Error: Cannot access refs during render

React refs are values that are not needed for rendering. Refs should only be accessed outside of render, such as in event handlers or effects. Accessing a ref value (the `current` property) during render can cause your component not to update as expected (https://react.dev/reference/react/useRef).

/workspace/scratch/75c2273f6a80/arca-ui-V030-042/enterprise/frontend/packages/business-shared/src/components/motion/select.tsx:322:21
  320 |       role="listbox"
  321 |       aria-labelledby={ctx.triggerId}
> 322 |       aria-hidden={!open}
      |                     ^^^^ Cannot access ref value during render
  323 |       inert={!open}
  324 |       initial={false}
  325 |       animate={{ opacity: open ? 1 : 0, y: open || ctx.reduce ? 0 : (isTop ? 4 : -4), scale: open || ctx.reduce ? 1 : 0.98 }}                                                                                                                                                                                                react-hooks/refs
  323:15   error    Error: Cannot access refs during render

React refs are values that are not needed for rendering. Refs should only be accessed outside of render, such as in event handlers or effects. Accessing a ref value (the `current` property) during render can cause your component not to update as expected (https://react.dev/reference/react/useRef).

/workspace/scratch/75c2273f6a80/arca-ui-V030-042/enterprise/frontend/packages/business-shared/src/components/motion/select.tsx:323:15
  321 |       aria-labelledby={ctx.triggerId}
  322 |       aria-hidden={!open}
> 323 |       inert={!open}
      |               ^^^^ Cannot access ref value during render
  324 |       initial={false}
  325 |       animate={{ opacity: open ? 1 : 0, y: open || ctx.reduce ? 0 : (isTop ? 4 : -4), scale: open || ctx.reduce ? 1 : 0.98 }}
  326 |       transition={{ duration: ctx.reduce ? 0 : open ? MOTION.duration.menu : MOTION.exit.menu, ease: open ? MOTION.ease.enter : MOTION.ease.exit }}                                                                       react-hooks/refs
  325:27   error    Error: Cannot access refs during render

React refs are values that are not needed for rendering. Refs should only be accessed outside of render, such as in event handlers or effects. Accessing a ref value (the `current` property) during render can cause your component not to update as expected (https://react.dev/reference/react/useRef).

/workspace/scratch/75c2273f6a80/arca-ui-V030-042/enterprise/frontend/packages/business-shared/src/components/motion/select.tsx:325:27
  323 |       inert={!open}
  324 |       initial={false}
> 325 |       animate={{ opacity: open ? 1 : 0, y: open || ctx.reduce ? 0 : (isTop ? 4 : -4), scale: open || ctx.reduce ? 1 : 0.98 }}
      |                           ^^^^ Cannot access ref value during render
  326 |       transition={{ duration: ctx.reduce ? 0 : open ? MOTION.duration.menu : MOTION.exit.menu, ease: open ? MOTION.ease.enter : MOTION.ease.exit }}
  327 |       style={{
  328 |         left: box.left,                                                                                    react-hooks/refs
  325:44   error    Error: Cannot access refs during render

React refs are values that are not needed for rendering. Refs should only be accessed outside of render, such as in event handlers or effects. Accessing a ref value (the `current` property) during render can cause your component not to update as expected (https://react.dev/reference/react/useRef).

/workspace/scratch/75c2273f6a80/arca-ui-V030-042/enterprise/frontend/packages/business-shared/src/components/motion/select.tsx:325:44
  323 |       inert={!open}
  324 |       initial={false}
> 325 |       animate={{ opacity: open ? 1 : 0, y: open || ctx.reduce ? 0 : (isTop ? 4 : -4), scale: open || ctx.reduce ? 1 : 0.98 }}
      |                                            ^^^^ Cannot access ref value during render
  326 |       transition={{ duration: ctx.reduce ? 0 : open ? MOTION.duration.menu : MOTION.exit.menu, ease: open ? MOTION.ease.enter : MOTION.ease.exit }}
  327 |       style={{
  328 |         left: box.left,                                                                   react-hooks/refs
  325:44   error    Error: Cannot access refs during render

React refs are values that are not needed for rendering. Refs should only be accessed outside of render, such as in event handlers or effects. Accessing a ref value (the `current` property) during render can cause your component not to update as expected (https://react.dev/reference/react/useRef).

/workspace/scratch/75c2273f6a80/arca-ui-V030-042/enterprise/frontend/packages/business-shared/src/components/motion/select.tsx:325:44
  323 |       inert={!open}
  324 |       initial={false}
> 325 |       animate={{ opacity: open ? 1 : 0, y: open || ctx.reduce ? 0 : (isTop ? 4 : -4), scale: open || ctx.reduce ? 1 : 0.98 }}
      |                                            ^^^^^^^^^^^^^^^^^^ Cannot access ref value during render
  326 |       transition={{ duration: ctx.reduce ? 0 : open ? MOTION.duration.menu : MOTION.exit.menu, ease: open ? MOTION.ease.enter : MOTION.ease.exit }}
  327 |       style={{
  328 |         left: box.left,                                                     react-hooks/refs
  325:94   error    Error: Cannot access refs during render

React refs are values that are not needed for rendering. Refs should only be accessed outside of render, such as in event handlers or effects. Accessing a ref value (the `current` property) during render can cause your component not to update as expected (https://react.dev/reference/react/useRef).

/workspace/scratch/75c2273f6a80/arca-ui-V030-042/enterprise/frontend/packages/business-shared/src/components/motion/select.tsx:325:94
  323 |       inert={!open}
  324 |       initial={false}
> 325 |       animate={{ opacity: open ? 1 : 0, y: open || ctx.reduce ? 0 : (isTop ? 4 : -4), scale: open || ctx.reduce ? 1 : 0.98 }}
      |                                                                                              ^^^^ Cannot access ref value during render
  326 |       transition={{ duration: ctx.reduce ? 0 : open ? MOTION.duration.menu : MOTION.exit.menu, ease: open ? MOTION.ease.enter : MOTION.ease.exit }}
  327 |       style={{
  328 |         left: box.left,                 react-hooks/refs
  325:94   error    Error: Cannot access refs during render

React refs are values that are not needed for rendering. Refs should only be accessed outside of render, such as in event handlers or effects. Accessing a ref value (the `current` property) during render can cause your component not to update as expected (https://react.dev/reference/react/useRef).

/workspace/scratch/75c2273f6a80/arca-ui-V030-042/enterprise/frontend/packages/business-shared/src/components/motion/select.tsx:325:94
  323 |       inert={!open}
  324 |       initial={false}
> 325 |       animate={{ opacity: open ? 1 : 0, y: open || ctx.reduce ? 0 : (isTop ? 4 : -4), scale: open || ctx.reduce ? 1 : 0.98 }}
      |                                                                                              ^^^^^^^^^^^^^^^^^^ Cannot access ref value during render
  326 |       transition={{ duration: ctx.reduce ? 0 : open ? MOTION.duration.menu : MOTION.exit.menu, ease: open ? MOTION.ease.enter : MOTION.ease.exit }}
  327 |       style={{
  328 |         left: box.left,   react-hooks/refs
  326:31   error    Error: Cannot access refs during render

React refs are values that are not needed for rendering. Refs should only be accessed outside of render, such as in event handlers or effects. Accessing a ref value (the `current` property) during render can cause your component not to update as expected (https://react.dev/reference/react/useRef).

/workspace/scratch/75c2273f6a80/arca-ui-V030-042/enterprise/frontend/packages/business-shared/src/components/motion/select.tsx:326:31
  324 |       initial={false}
  325 |       animate={{ opacity: open ? 1 : 0, y: open || ctx.reduce ? 0 : (isTop ? 4 : -4), scale: open || ctx.reduce ? 1 : 0.98 }}
> 326 |       transition={{ duration: ctx.reduce ? 0 : open ? MOTION.duration.menu : MOTION.exit.menu, ease: open ? MOTION.ease.enter : MOTION.ease.exit }}
      |                               ^^^^^^^^^^ Cannot access ref value during render
  327 |       style={{
  328 |         left: box.left,
  329 |         width: box.width,                                                                    react-hooks/refs
  326:48   error    Error: Cannot access refs during render

React refs are values that are not needed for rendering. Refs should only be accessed outside of render, such as in event handlers or effects. Accessing a ref value (the `current` property) during render can cause your component not to update as expected (https://react.dev/reference/react/useRef).

/workspace/scratch/75c2273f6a80/arca-ui-V030-042/enterprise/frontend/packages/business-shared/src/components/motion/select.tsx:326:48
  324 |       initial={false}
  325 |       animate={{ opacity: open ? 1 : 0, y: open || ctx.reduce ? 0 : (isTop ? 4 : -4), scale: open || ctx.reduce ? 1 : 0.98 }}
> 326 |       transition={{ duration: ctx.reduce ? 0 : open ? MOTION.duration.menu : MOTION.exit.menu, ease: open ? MOTION.ease.enter : MOTION.ease.exit }}
      |                                                ^^^^ Cannot access ref value during render
  327 |       style={{
  328 |         left: box.left,
  329 |         width: box.width,                                                         react-hooks/refs
  326:102  error    Error: Cannot access refs during render

React refs are values that are not needed for rendering. Refs should only be accessed outside of render, such as in event handlers or effects. Accessing a ref value (the `current` property) during render can cause your component not to update as expected (https://react.dev/reference/react/useRef).

/workspace/scratch/75c2273f6a80/arca-ui-V030-042/enterprise/frontend/packages/business-shared/src/components/motion/select.tsx:326:102
  324 |       initial={false}
  325 |       animate={{ opacity: open ? 1 : 0, y: open || ctx.reduce ? 0 : (isTop ? 4 : -4), scale: open || ctx.reduce ? 1 : 0.98 }}
> 326 |       transition={{ duration: ctx.reduce ? 0 : open ? MOTION.duration.menu : MOTION.exit.menu, ease: open ? MOTION.ease.enter : MOTION.ease.exit }}
      |                                                                                                      ^^^^ Cannot access ref value during render
  327 |       style={{
  328 |         left: box.left,
  329 |         width: box.width,  react-hooks/refs
  337:24   error    Error: Cannot access refs during render

React refs are values that are not needed for rendering. Refs should only be accessed outside of render, such as in event handlers or effects. Accessing a ref value (the `current` property) during render can cause your component not to update as expected (https://react.dev/reference/react/useRef).

/workspace/scratch/75c2273f6a80/arca-ui-V030-042/enterprise/frontend/packages/business-shared/src/components/motion/select.tsx:337:24
  335 |         transformOrigin: isTop ? "bottom" : "top",
  336 |         overflow: "hidden",
> 337 |         pointerEvents: open ? "auto" : "none",
      |                        ^^^^ Cannot access ref value during render
  338 |       }}
  339 |       className={cn(
  340 |         "fixed z-110 rounded-control border border-border bg-card shadow-tactile",                                                                                                                                                                                                           react-hooks/refs
  346:19   error    Error: Cannot access refs during render

React refs are values that are not needed for rendering. Refs should only be accessed outside of render, such as in event handlers or effects. Accessing a ref value (the `current` property) during render can cause your component not to update as expected (https://react.dev/reference/react/useRef).

/workspace/scratch/75c2273f6a80/arca-ui-V030-042/enterprise/frontend/packages/business-shared/src/components/motion/select.tsx:346:19
  344 |       <motion.div
  345 |         ref={innerRef}
> 346 |         variants={ctx.reduce ? undefined : LIST_VARIANTS}
      |                   ^^^^^^^^^^ Cannot access ref value during render
  347 |         initial={false}
  348 |         animate={open ? "show" : "hidden"}
  349 |         className="max-h-select-list overflow-y-auto p-1"                                                                                                                                                                                                                         react-hooks/refs
  348:18   error    Error: Cannot access refs during render

React refs are values that are not needed for rendering. Refs should only be accessed outside of render, such as in event handlers or effects. Accessing a ref value (the `current` property) during render can cause your component not to update as expected (https://react.dev/reference/react/useRef).

/workspace/scratch/75c2273f6a80/arca-ui-V030-042/enterprise/frontend/packages/business-shared/src/components/motion/select.tsx:348:18
  346 |         variants={ctx.reduce ? undefined : LIST_VARIANTS}
  347 |         initial={false}
> 348 |         animate={open ? "show" : "hidden"}
      |                  ^^^^ Cannot access ref value during render
  349 |         className="max-h-select-list overflow-y-auto p-1"
  350 |       >
  351 |         {children}                                                                                                                                                                                                                                              react-hooks/refs
  380:6    warning  React Hook useLayoutEffect has a missing dependency: 'ctx'. Either include it or remove the dependency array                                                                                                                                                                                                                                                                                                                                                                                                                                                                                                                                                                                                                                                                                                                                                                                                                                                                                                                                                                  react-hooks/exhaustive-deps

/workspace/scratch/75c2273f6a80/arca-ui-V030-042/enterprise/frontend/packages/business-shared/src/components/motion/signup-form.tsx
  127:17  error  Fast refresh only works when a file only exports components. Use a new file to share constants or functions between components  react-refresh/only-export-components

/workspace/scratch/75c2273f6a80/arca-ui-V030-042/enterprise/frontend/packages/business-shared/src/components/motion/table/index.tsx
   50:23  error    Error: Calling setState synchronously within an effect can trigger cascading renders

Effects are intended to synchronize state between React and external systems such as manually updating the DOM, state management libraries, or other platform APIs. In general, the body of an effect should do one or both of the following:
* Update external systems with the latest state from React.
* Subscribe for updates from some external system, calling setState in a callback function when external state changes.

Calling setState synchronously within an effect body causes cascading renders that can hurt performance, and is not recommended. (https://react.dev/learn/you-might-not-need-an-effect).

/workspace/scratch/75c2273f6a80/arca-ui-V030-042/enterprise/frontend/packages/business-shared/src/components/motion/table/index.tsx:50:23
  48 |       getComputedStyle(document.documentElement).fontSize,
  49 |     );
> 50 |     if (measured > 0) setSize(measured);
     |                       ^^^^^^^ Avoid calling setState() directly within an effect
  51 |   }, []);
  52 |   return size;
  53 | }  react-hooks/set-state-in-effect
  151:23  warning  Compilation Skipped: Use of incompatible library

This API returns functions which cannot be memoized without leading to stale UI. To prevent this, by default React Compiler will skip memoizing this component/hook. However, you may see issues if values from this API are passed to other components/hooks that are memoized.

/workspace/scratch/75c2273f6a80/arca-ui-V030-042/enterprise/frontend/packages/business-shared/src/components/motion/table/index.tsx:151:23
  149 |     });
  150 |
> 151 |   const virtualizer = useVirtualizer({
      |                       ^^^^^^^^^^^^^^ TanStack Virtual's `useVirtualizer()` API returns functions that cannot be memoized safely
  152 |     count: sortedRows.length,
  153 |     getScrollElement: () => scrollRef.current,
  154 |     estimateSize: () => rowHeight,                                                                                                                                                                                                                                                                                                 react-hooks/incompatible-library

/workspace/scratch/75c2273f6a80/arca-ui-V030-042/enterprise/frontend/packages/business-shared/src/components/motion/table/table-header.tsx
  2:1  error  Expected an assignment or function call and instead saw an expression  @typescript-eslint/no-unused-expressions

/workspace/scratch/75c2273f6a80/arca-ui-V030-042/enterprise/frontend/packages/business-shared/src/components/motion/table/use-column-reorder.ts
  34:11  error  The value assigned to 'at' is not used in subsequent statements  no-useless-assignment

/workspace/scratch/75c2273f6a80/arca-ui-V030-042/enterprise/frontend/packages/business-shared/src/components/overlays/dropdown.tsx
  5:1  error  This rule can't verify that `export *` only exports components  react-refresh/only-export-components

/workspace/scratch/75c2273f6a80/arca-ui-V030-042/enterprise/frontend/packages/business-shared/src/components/overlays/popover.tsx
  5:1  error  This rule can't verify that `export *` only exports components  react-refresh/only-export-components

/workspace/scratch/75c2273f6a80/arca-ui-V030-042/enterprise/frontend/packages/business-shared/src/components/overlays/progress.tsx
  5:1  error  This rule can't verify that `export *` only exports components  react-refresh/only-export-components

/workspace/scratch/75c2273f6a80/arca-ui-V030-042/enterprise/frontend/packages/business-shared/src/components/overlays/select.tsx
  5:1  error  This rule can't verify that `export *` only exports components  react-refresh/only-export-components

/workspace/scratch/75c2273f6a80/arca-ui-V030-042/enterprise/frontend/packages/business-shared/src/file-preview/PdfViewer.tsx
  19:5  error  Error: Calling setState synchronously within an effect can trigger cascading renders

Effects are intended to synchronize state between React and external systems such as manually updating the DOM, state management libraries, or other platform APIs. In general, the body of an effect should do one or both of the following:
* Update external systems with the latest state from React.
* Subscribe for updates from some external system, calling setState in a callback function when external state changes.

Calling setState synchronously within an effect body causes cascading renders that can hurt performance, and is not recommended. (https://react.dev/learn/you-might-not-need-an-effect).

/workspace/scratch/75c2273f6a80/arca-ui-V030-042/enterprise/frontend/packages/business-shared/src/file-preview/PdfViewer.tsx:19:5
  17 |     let cancelled = false;
  18 |     let loading: ReturnType<typeof getDocument> | undefined;
> 19 |     setPdf(undefined);
     |     ^^^^^^ Avoid calling setState() directly within an effect
  20 |     setError(undefined);
  21 |     setPages(0);
  22 |     blob  react-hooks/set-state-in-effect

/workspace/scratch/75c2273f6a80/arca-ui-V030-042/enterprise/frontend/packages/business-shared/src/lowcode/ApprovalWorkspace.tsx
  35:48  error  Error: Calling setState synchronously within an effect can trigger cascading renders

Effects are intended to synchronize state between React and external systems such as manually updating the DOM, state management libraries, or other platform APIs. In general, the body of an effect should do one or both of the following:
* Update external systems with the latest state from React.
* Subscribe for updates from some external system, calling setState in a callback function when external state changes.

Calling setState synchronously within an effect body causes cascading renders that can hurt performance, and is not recommended. (https://react.dev/learn/you-might-not-need-an-effect).

/workspace/scratch/75c2273f6a80/arca-ui-V030-042/enterprise/frontend/packages/business-shared/src/lowcode/ApprovalWorkspace.tsx:35:48
  33 |
  34 |   useEffect(() => {
> 35 |     if (!selected && definitions.data?.length) setSelected(definitions.data[0].id);
     |                                                ^^^^^^^^^^^ Avoid calling setState() directly within an effect
  36 |   }, [definitions.data, selected]);
  37 |
  38 |   async function create() {  react-hooks/set-state-in-effect

/workspace/scratch/75c2273f6a80/arca-ui-V030-042/enterprise/frontend/packages/business-shared/src/lowcode/AutomationDebug.tsx
  12:18  error  Error: Calling setState synchronously within an effect can trigger cascading renders

Effects are intended to synchronize state between React and external systems such as manually updating the DOM, state management libraries, or other platform APIs. In general, the body of an effect should do one or both of the following:
* Update external systems with the latest state from React.
* Subscribe for updates from some external system, calling setState in a callback function when external state changes.

Calling setState synchronously within an effect body causes cascading renders that can hurt performance, and is not recommended. (https://react.dev/learn/you-might-not-need-an-effect).

/workspace/scratch/75c2273f6a80/arca-ui-V030-042/enterprise/frontend/packages/business-shared/src/lowcode/AutomationDebug.tsx:12:18
  10 | export function AutomationDebug({automation,dirty}:{automation:Automation;dirty:boolean}) {
  11 |   const [dataText,setDataText]=useState("{}"),[mocksText,setMocksText]=useState("{}"),[recordId,setRecordId]=useState(""),[recordRevision,setRecordRevision]=useState(""),[busy,setBusy]=useState(false),[error,setError]=useState(""),[result,setResult]=useState<AutomationDebugResult>();
> 12 |   useEffect(()=>{setResult(undefined);setError("");},[automation.id,automation.revision]);
     |                  ^^^^^^^^^ Avoid calling setState() directly within an effect
  13 |   function edit(update:()=>void){update();setResult(undefined);setError("");}
  14 |   async function preview(){setError("");setResult(undefined);let input;try{input=parseDebugInput(automation.revision,dataText,mocksText,recordId,recordRevision);}catch(cause){setError(message(cause));return;}setBusy(true);try{setResult(await api<AutomationDebugResult>(`${base}/automations/${automation.id}/debug`,"POST",input));}catch(cause){setError(message(cause));}finally{setBusy(false);}}
  15 |   return <section aria-label="无副作用调试" className="min-w-0 space-y-5"><div className="rounded-card border border-border bg-muted/20 p-4"><h3 className="text-body font-medium">预览已保存草稿 · 修订 {automation.revision}</h3><p className="mt-2 text-caption leading-6 text-muted-foreground">使用固定输入检查每步映射和条件。查询节点按当前权限读取真实记录或有效组织成员；写入、删除、通知、打印文档、HTTP、邮件、短信和 AI 仅生成模拟输出，不产生实际操作。调试结果不会进入运行记录。</p><p className="mt-1 text-caption leading-6 text-muted-foreground">关联记录仅用于权限与修订校验，数据始终采用下方测试 JSON。子自动化使用当前已发布版本。</p></div>  react-hooks/set-state-in-effect

/workspace/scratch/75c2273f6a80/arca-ui-V030-042/enterprise/frontend/packages/business-shared/src/lowcode/AutomationPrintArtifacts.tsx
  6:17  error  Fast refresh only works when a file only exports components. Use a new file to share constants or functions between components  react-refresh/only-export-components

/workspace/scratch/75c2273f6a80/arca-ui-V030-042/enterprise/frontend/packages/business-shared/src/lowcode/AutomationRuns.tsx
  10:213  warning  React Hook useEffect has a missing dependency: 'run.refresh'. Either include it or remove the dependency array                                                                                                                                                                                                                                                                                                                                                                                                                                                                                                                                                                                                                                                                                                                                                                                                                                                                                                                                                                                                                                                                                                                                                                                                                                                                                                                                                                                                                                                                                                                                                                                                                                                                                                                                                                                                                                                                                                                                                                                                                                                                                                                                                                                                                                                                                  react-hooks/exhaustive-deps
  18:18   error    Error: Calling setState synchronously within an effect can trigger cascading renders

Effects are intended to synchronize state between React and external systems such as manually updating the DOM, state management libraries, or other platform APIs. In general, the body of an effect should do one or both of the following:
* Update external systems with the latest state from React.
* Subscribe for updates from some external system, calling setState in a callback function when external state changes.

Calling setState synchronously within an effect body causes cascading renders that can hurt performance, and is not recommended. (https://react.dev/learn/you-might-not-need-an-effect).

/workspace/scratch/75c2273f6a80/arca-ui-V030-042/enterprise/frontend/packages/business-shared/src/lowcode/AutomationRuns.tsx:18:18
  16 | export function AutomationRuns({automationId,initialRunId}:{automationId:string;initialRunId?:string}) {
  17 |   const runs=useLoad<AutomationRun[]>(`${base}/automations/${automationId}/runs`),[selected,setSelected]=useState(initialRunId);
> 18 |   useEffect(()=>{setSelected(initialRunId);runs.refresh();},[automationId,initialRunId]);
     |                  ^^^^^^^^^^^ Avoid calling setState() directly within an effect
  19 |   return <div className="grid min-w-0 gap-5 lg:grid-cols-application-settings"><section className="space-y-3"><div className="flex items-center gap-2"><h3 className="flex-1 text-body font-medium">运行记录</h3><Button size="sm" variant="ghost" onClick={runs.refresh}>刷新</Button></div>{runs.error&&<p role="alert" className="text-body text-destructive">{runs.error}</p>}{runs.loading?<p className="text-caption text-muted-foreground">正在加载…</p>:!runs.data?.length?<p className="text-caption text-muted-foreground">尚无运行记录。</p>:runs.data.map(run=><ActionSurface active={selected===run.id} type="button" key={run.id} className="block w-full text-left" onClick={()=>setSelected(run.id)}><span>{runStates[run.state??run.status]??run.state??run.status}</span><time className="mt-1 block text-caption text-muted-foreground">{dateLabel(run.createdAt)}</time></ActionSurface>)}</section>{selected?<AutomationRunDetail id={selected} manager onRetried={runs.refresh}/>:<p className="text-body text-muted-foreground">选择一条运行记录查看每步结果。</p>}</div>;
  20 | }
  21 |  react-hooks/set-state-in-effect
  18:61   warning  React Hook useEffect has a missing dependency: 'runs'. Either include it or remove the dependency array                                                                                                                                                                                                                                                                                                                                                                                                                                                                                                                                                                                                                                                                                                                                                                                                                                                                                                                                                                                                                                                                                                                                                                                                                                                                                                                                                                                                                                                                                                                                                                                                                                                                                                                                                                                                                                                                                                                                                                                                                                                                                                                                                                                                                                                                                         react-hooks/exhaustive-deps

/workspace/scratch/75c2273f6a80/arca-ui-V030-042/enterprise/frontend/packages/business-shared/src/lowcode/AutomationWorkspace.tsx
  18:57  error  Error: Calling setState synchronously within an effect can trigger cascading renders

Effects are intended to synchronize state between React and external systems such as manually updating the DOM, state management libraries, or other platform APIs. In general, the body of an effect should do one or both of the following:
* Update external systems with the latest state from React.
* Subscribe for updates from some external system, calling setState in a callback function when external state changes.

Calling setState synchronously within an effect body causes cascading renders that can hurt performance, and is not recommended. (https://react.dev/learn/you-might-not-need-an-effect).

/workspace/scratch/75c2273f6a80/arca-ui-V030-042/enterprise/frontend/packages/business-shared/src/lowcode/AutomationWorkspace.tsx:18:57
  16 | export function AutomationWorkspace({table,directory}:{table:Table;directory:Directory}) {
  17 |   const definitions=useLoad<Automation[]>(`${base}/tables/${table.id}/automations`),connectors=useLoad<AutomationConnector[]>(`${base}/applications/${table.appId}/automation-connectors`),tables=useLoad<RelationTable[]>(`${base}/relation-tables`),[selected,setSelected]=useState<string>(),[creating,setCreating]=useState(false),[name,setName]=useState(""),[busy,setBusy]=useState(false),[error,setError]=useState(""),[showConnectors,setShowConnectors]=useState(false),[dirty,setDirty]=useState(false);
> 18 |   useEffect(()=>{if(!selected&&definitions.data?.length)setSelected(definitions.data[0].id);},[selected,definitions.data]);
     |                                                         ^^^^^^^^^^^ Avoid calling setState() directly within an effect
  19 |   useEffect(()=>{if(!dirty)setError("");},[dirty]);
  20 |   async function create(){if(!name.trim())return;setBusy(true);setError("");try {const result=await api<Automation>(`${base}/tables/${table.id}/automations`,"POST",{name:name.trim(),draft:{trigger:{type:"BUTTON"},steps:[{id:"step1",kind:"FUNCTION",formula:{op:"CONST",value:0}}]}});setSelected(result.id);setCreating(false);setName("");definitions.refresh();}catch(e){setError(message(e));}finally{setBusy(false);}}
  21 |   return <div onClickCapture={event=>{if(dirty&&(event.target as Element).closest("a")){event.preventDefault();setError("请先保存或撤销当前草稿再离开。");}}} className="w-full min-w-0 px-4 py-5 sm:px-7"><BackLink to={`/apps/${table.appId}?table=${table.id}`}>返回 {table.name}</BackLink><header data-dw-enter="header" className="my-5 flex flex-wrap items-center gap-3"><div className="min-w-0 w-full flex-none sm:w-auto sm:flex-1"><h1 className="text-title font-medium">自动化 · {table.name}</h1><p className="mt-2 text-caption text-muted-foreground">为记录事件、计划时间和手动操作编排步骤，查看每次运行结果。</p></div><Button variant="secondary" onClick={()=>setShowConnectors(true)}>连接器管理</Button><Button onClick={()=>{if(dirty){setError("请先保存或撤销当前草稿再新建。");return;}setCreating(true);setError("");}}>新建自动化</Button></header><nav aria-label="设计器切换" className="mb-5 flex gap-5 border-b border-border pb-3 text-body"><Link to={`/apps/${table.appId}/tables/${table.id}/design`} className="text-muted-foreground">表单设计</Link><Link to={`/apps/${table.appId}/tables/${table.id}/workflow`} className="text-muted-foreground">审批流程</Link><span aria-current="page" className="font-medium text-primary">自动化</span></nav>                                                                                                                                                                                                                                                                                                                                                                                                                                                                                                                                                                                                                                                                                                                                                                                                                                                                                                                                                                                                                                                                                                                                                                                                                                                                                                                                                                                                                                                                           react-hooks/set-state-in-effect
  19:28  error  Error: Calling setState synchronously within an effect can trigger cascading renders

Effects are intended to synchronize state between React and external systems such as manually updating the DOM, state management libraries, or other platform APIs. In general, the body of an effect should do one or both of the following:
* Update external systems with the latest state from React.
* Subscribe for updates from some external system, calling setState in a callback function when external state changes.

Calling setState synchronously within an effect body causes cascading renders that can hurt performance, and is not recommended. (https://react.dev/learn/you-might-not-need-an-effect).

/workspace/scratch/75c2273f6a80/arca-ui-V030-042/enterprise/frontend/packages/business-shared/src/lowcode/AutomationWorkspace.tsx:19:28
  17 |   const definitions=useLoad<Automation[]>(`${base}/tables/${table.id}/automations`),connectors=useLoad<AutomationConnector[]>(`${base}/applications/${table.appId}/automation-connectors`),tables=useLoad<RelationTable[]>(`${base}/relation-tables`),[selected,setSelected]=useState<string>(),[creating,setCreating]=useState(false),[name,setName]=useState(""),[busy,setBusy]=useState(false),[error,setError]=useState(""),[showConnectors,setShowConnectors]=useState(false),[dirty,setDirty]=useState(false);
  18 |   useEffect(()=>{if(!selected&&definitions.data?.length)setSelected(definitions.data[0].id);},[selected,definitions.data]);
> 19 |   useEffect(()=>{if(!dirty)setError("");},[dirty]);
     |                            ^^^^^^^^ Avoid calling setState() directly within an effect
  20 |   async function create(){if(!name.trim())return;setBusy(true);setError("");try {const result=await api<Automation>(`${base}/tables/${table.id}/automations`,"POST",{name:name.trim(),draft:{trigger:{type:"BUTTON"},steps:[{id:"step1",kind:"FUNCTION",formula:{op:"CONST",value:0}}]}});setSelected(result.id);setCreating(false);setName("");definitions.refresh();}catch(e){setError(message(e));}finally{setBusy(false);}}
  21 |   return <div onClickCapture={event=>{if(dirty&&(event.target as Element).closest("a")){event.preventDefault();setError("请先保存或撤销当前草稿再离开。");}}} className="w-full min-w-0 px-4 py-5 sm:px-7"><BackLink to={`/apps/${table.appId}?table=${table.id}`}>返回 {table.name}</BackLink><header data-dw-enter="header" className="my-5 flex flex-wrap items-center gap-3"><div className="min-w-0 w-full flex-none sm:w-auto sm:flex-1"><h1 className="text-title font-medium">自动化 · {table.name}</h1><p className="mt-2 text-caption text-muted-foreground">为记录事件、计划时间和手动操作编排步骤，查看每次运行结果。</p></div><Button variant="secondary" onClick={()=>setShowConnectors(true)}>连接器管理</Button><Button onClick={()=>{if(dirty){setError("请先保存或撤销当前草稿再新建。");return;}setCreating(true);setError("");}}>新建自动化</Button></header><nav aria-label="设计器切换" className="mb-5 flex gap-5 border-b border-border pb-3 text-body"><Link to={`/apps/${table.appId}/tables/${table.id}/design`} className="text-muted-foreground">表单设计</Link><Link to={`/apps/${table.appId}/tables/${table.id}/workflow`} className="text-muted-foreground">审批流程</Link><span aria-current="page" className="font-medium text-primary">自动化</span></nav>
  22 |     {error&&!creating&&<p role="alert" className="mb-4 text-body text-destructive">{error}</p>}<div className="grid min-w-0 gap-5 xl:grid-cols-automation-settings"><aside className="space-y-2" aria-label="自动化列表">{definitions.error?<p role="alert" className="text-body text-destructive">{definitions.error}</p>:definitions.loading?<p className="text-body text-muted-foreground">正在读取自动化…</p>:!definitions.data?.length?<p className="text-body text-muted-foreground">尚无自动化，可从手动触发开始配置。</p>:definitions.data.map(automation=><ActionSurface active={automation.id===selected} key={automation.id} type="button" className="block w-full text-left" onClick={()=>{if(dirty&&selected!==automation.id){setError("请先保存或撤销当前草稿再切换。");return;}setSelected(automation.id);setError("");}}><span className="block break-words text-body font-medium">{automation.name}</span><small className="mt-1 block text-caption text-muted-foreground">{automation.enabled?"已启用":"已停用"} · {automation.publishedVersionId||automation.publishedVersion?"已有发布版本":"草稿"}</small></ActionSurface>)}<Button size="sm" variant="ghost" onClick={definitions.refresh}>刷新列表</Button></aside>{selected?<AutomationEditor key={selected} id={selected} table={table} directory={directory} tables={(tables.data??[]).filter(item=>item.appId===table.appId)} definitions={definitions.data??[]} connectors={connectors.data??[]} onSaved={definitions.refresh} onDirty={setDirty}/>:<div className="rounded-card border border-dashed border-border p-8 text-body text-muted-foreground">选择自动化查看配置或运行记录。</div>}</div>  react-hooks/set-state-in-effect

/workspace/scratch/75c2273f6a80/arca-ui-V030-042/enterprise/frontend/packages/business-shared/src/lowcode/CalculationEditor.tsx
  5:14  error  Fast refresh only works when a file only exports components. Use a new file to share constants or functions between components  react-refresh/only-export-components

/workspace/scratch/75c2273f6a80/arca-ui-V030-042/enterprise/frontend/packages/business-shared/src/lowcode/CascadeRelationField.tsx
  14:18   error    Error: Calling setState synchronously within an effect can trigger cascading renders

Effects are intended to synchronize state between React and external systems such as manually updating the DOM, state management libraries, or other platform APIs. In general, the body of an effect should do one or both of the following:
* Update external systems with the latest state from React.
* Subscribe for updates from some external system, calling setState in a callback function when external state changes.

Calling setState synchronously within an effect body causes cascading renders that can hurt performance, and is not recommended. (https://react.dev/learn/you-might-not-need-an-effect).

/workspace/scratch/75c2273f6a80/arca-ui-V030-042/enterprise/frontend/packages/business-shared/src/lowcode/CascadeRelationField.tsx:14:18
  12 |   const [open,setOpen]=useState(false),[path,setPath]=useState<string[]>([]),[labels,setLabels]=useState<Record<string,string>>({}),[result,setResult]=useState<RelationPage>(),[error,setError]=useState(""),[busy,setBusy]=useState(false),[offset,setOffset]=useState(0),[retry,setRetry]=useState(0);
  13 |   const request={tableId:config.tableId,titleFieldId:config.titleFieldId,cascade,filter:config.filter,...(config.filter?{sourceValues:filterSourceValues(config.filter,values)}:{})},base=JSON.stringify(request),key=JSON.stringify([base,path,offset,retry]),selectedKey=JSON.stringify([base,selected,retry]);
> 14 |   useEffect(()=>{setLabels({});setPath([]);setOffset(0);},[base]);
     |                  ^^^^^^^^^ Avoid calling setState() directly within an effect
  15 |   useEffect(()=>{const refresh=()=>setRetry(value=>value+1);window.addEventListener("focus",refresh);return()=>window.removeEventListener("focus",refresh);},[]);
  16 |   useEffect(()=>{if(!selected.length||validateRelation(config).length)return;const abort=new AbortController();api<RelationPage>("/api/v1/lc/relation-records/search","POST",{...request,ids:selected},abort.signal).then(page=>{if(!abort.signal.aborted)setLabels(old=>({...Object.fromEntries(Object.entries(old).filter(([id])=>!selected.includes(id))),...Object.fromEntries(page.items.map(item=>[item.id,item.label]))}));}).catch(()=>{if(!abort.signal.aborted)setLabels({});});return()=>abort.abort();},[selectedKey]);
  17 |   useEffect(()=>{if(!open||validateRelation(config).length)return;const abort=new AbortController();setBusy(true);setError("");api<RelationPage>("/api/v1/lc/relation-records/search","POST",{...request,...(path.length?{parentId:path.at(-1)}:{}),offset},abort.signal).then(page=>{if(abort.signal.aborted)return;setResult(page);setLabels(old=>({...old,...Object.fromEntries(page.items.map(item=>[item.id,item.label]))}));}).catch(error=>{if(!abort.signal.aborted){setError(error instanceof Error?error.message:"级联读取失败");setResult(undefined);}}).finally(()=>{if(!abort.signal.aborted)setBusy(false);});return()=>abort.abort();},[open,key]);  react-hooks/set-state-in-effect
  16:501  warning  React Hook useEffect has missing dependencies: 'config', 'request', and 'selected'. Either include them or remove the dependency array                                                                                                                                                                                                                                                                                                                                                                                                                                                                                                                                                                                                                                                                                                                                                                                                                                                                                                                                                                                                                                                                                                                                                                                                                                                                                                                                                                                                                                                                                                                                                                                                                                                                                                                                                                                                                                                                                                                                                                                                                                                                                                                                                                                                                                                                                                                                                                                                                                                                                                                                                                                                                                                                                                                                                                                                                                                                                                                        react-hooks/exhaustive-deps
  17:101  error    Error: Calling setState synchronously within an effect can trigger cascading renders

Effects are intended to synchronize state between React and external systems such as manually updating the DOM, state management libraries, or other platform APIs. In general, the body of an effect should do one or both of the following:
* Update external systems with the latest state from React.
* Subscribe for updates from some external system, calling setState in a callback function when external state changes.

Calling setState synchronously within an effect body causes cascading renders that can hurt performance, and is not recommended. (https://react.dev/learn/you-might-not-need-an-effect).

/workspace/scratch/75c2273f6a80/arca-ui-V030-042/enterprise/frontend/packages/business-shared/src/lowcode/CascadeRelationField.tsx:17:101
  15 |   useEffect(()=>{const refresh=()=>setRetry(value=>value+1);window.addEventListener("focus",refresh);return()=>window.removeEventListener("focus",refresh);},[]);
  16 |   useEffect(()=>{if(!selected.length||validateRelation(config).length)return;const abort=new AbortController();api<RelationPage>("/api/v1/lc/relation-records/search","POST",{...request,ids:selected},abort.signal).then(page=>{if(!abort.signal.aborted)setLabels(old=>({...Object.fromEntries(Object.entries(old).filter(([id])=>!selected.includes(id))),...Object.fromEntries(page.items.map(item=>[item.id,item.label]))}));}).catch(()=>{if(!abort.signal.aborted)setLabels({});});return()=>abort.abort();},[selectedKey]);
> 17 |   useEffect(()=>{if(!open||validateRelation(config).length)return;const abort=new AbortController();setBusy(true);setError("");api<RelationPage>("/api/v1/lc/relation-records/search","POST",{...request,...(path.length?{parentId:path.at(-1)}:{}),offset},abort.signal).then(page=>{if(abort.signal.aborted)return;setResult(page);setLabels(old=>({...old,...Object.fromEntries(page.items.map(item=>[item.id,item.label]))}));}).catch(error=>{if(!abort.signal.aborted){setError(error instanceof Error?error.message:"级联读取失败");setResult(undefined);}}).finally(()=>{if(!abort.signal.aborted)setBusy(false);});return()=>abort.abort();},[open,key]);
     |                                                                                                     ^^^^^^^ Avoid calling setState() directly within an effect
  18 |   const title=(id:string)=>labels[id]??"记录不可用";
  19 |   function choose(item:RelationItem){if(disabled||readOnly||item.selectable===false||path.includes(item.id))return;onChange([...path,item.id]);setOpen(false);}
  20 |   return <div id={id} className="space-y-2"><p className="break-words text-body">{selected.length?selected.map(title).join(" / "):"未选择路径"}</p>                                                                                                                                                                                                                                                react-hooks/set-state-in-effect
  17:625  warning  React Hook useEffect has missing dependencies: 'config', 'offset', 'path', and 'request'. Either include them or remove the dependency array                                                                                                                                                                                                                                                                                                                                                                                                                                                                                                                                                                                                                                                                                                                                                                                                                                                                                                                                                                                                                                                                                                                                                                                                                                                                                                                                                                                                                                                                                                                                                                                                                                                                                                                                                                                                                                                                                                                                                                                                                                                                                                                                                                                                                                                                                                                                                                                                                                                                                                                                                                                                                                                                                                                                                                                                                                                                                                                  react-hooks/exhaustive-deps

/workspace/scratch/75c2273f6a80/arca-ui-V030-042/enterprise/frontend/packages/business-shared/src/lowcode/ExtendedFields.tsx
  12:17  error    Fast refresh only works when a file only exports components. Use a new file to share constants or functions between components                                                                                                                                                                                                                                                                                                                                                                                                                                                                                                                                                                                                                                                                                                                                                                                                                                                                                                                                                                                                                                                                                                                                                                                                                                                                                                                                                                                                                                                                                                                                                                                                                              react-refresh/only-export-components
  22:75  error    Error: Cannot access refs during render

React refs are values that are not needed for rendering. Refs should only be accessed outside of render, such as in event handlers or effects. Accessing a ref value (the `current` property) during render can cause your component not to update as expected (https://react.dev/reference/react/useRef).

/workspace/scratch/75c2273f6a80/arca-ui-V030-042/enterprise/frontend/packages/business-shared/src/lowcode/ExtendedFields.tsx:22:75
  20 |   id: string; value: unknown; onChange: (value: string) => void; disabled?: boolean; label: string; invalid?: boolean; describedBy?: string; required?: boolean; maxLength?: number;
  21 | }) {
> 22 |   const editor = useRef<HTMLDivElement>(null), latest = useRef(onChange); latest.current = onChange;
     |                                                                           ^^^^^^^^^^^^^^ Cannot update ref during render
  23 |   const clean = sanitizeRichText(value);
  24 |   useEffect(() => { if (editor.current && sanitizeRichText(editor.current.innerHTML) !== clean) editor.current.innerHTML = clean; }, [clean]);
  25 |   function update() { if (!editor.current) return; latest.current(sanitizeRichText(editor.current.innerHTML)); }                                                                                                                                                                                                                                                                                                                                                                                                                                                                                   react-hooks/refs
  40:91  warning  The ref value 'request.current' will likely have changed by the time this effect cleanup function runs. If this ref points to a node rendered by React, copy 'request.current' to a variable inside the effect, and use that variable in the cleanup function                                                                                                                                                                                                                                                                                                                                                                                                                                                                                                                                                                                                                                                                                                                                                                                                                                                                                                                                                                                                                                                                                                                                                                                                                                                                                                                                                                                                                                                                                               react-hooks/exhaustive-deps
  41:57  error    Error: Calling setState synchronously within an effect can trigger cascading renders

Effects are intended to synchronize state between React and external systems such as manually updating the DOM, state management libraries, or other platform APIs. In general, the body of an effect should do one or both of the following:
* Update external systems with the latest state from React.
* Subscribe for updates from some external system, calling setState in a callback function when external state changes.

Calling setState synchronously within an effect body causes cascading renders that can hurt performance, and is not recommended. (https://react.dev/learn/you-might-not-need-an-effect).

/workspace/scratch/75c2273f6a80/arca-ui-V030-042/enterprise/frontend/packages/business-shared/src/lowcode/ExtendedFields.tsx:41:57
  39 |   const [notice, setNotice] = useState(""), [busy, setBusy] = useState(false); const request = useRef(0), active = useRef(true);
  40 |   useEffect(() => { active.current = true; return () => { active.current = false; request.current++; }; }, []);
> 41 |   useEffect(() => { if (Number.isFinite(data.latitude)) setLatitude(String(data.latitude)); if (Number.isFinite(data.longitude)) setLongitude(String(data.longitude)); }, [data.latitude, data.longitude]);
     |                                                         ^^^^^^^^^^^ Avoid calling setState() directly within an effect
  42 |   useEffect(() => { if (disabled) { request.current++; setBusy(false); } }, [disabled]);
  43 |   useEffect(() => { if (data.address !== undefined) setAddress(data.address); }, [data.address]);
  44 |   function update(lat: string, lon: string, nextAddress = address) {  react-hooks/set-state-in-effect
  42:56  error    Error: Calling setState synchronously within an effect can trigger cascading renders

Effects are intended to synchronize state between React and external systems such as manually updating the DOM, state management libraries, or other platform APIs. In general, the body of an effect should do one or both of the following:
* Update external systems with the latest state from React.
* Subscribe for updates from some external system, calling setState in a callback function when external state changes.

Calling setState synchronously within an effect body causes cascading renders that can hurt performance, and is not recommended. (https://react.dev/learn/you-might-not-need-an-effect).

/workspace/scratch/75c2273f6a80/arca-ui-V030-042/enterprise/frontend/packages/business-shared/src/lowcode/ExtendedFields.tsx:42:56
  40 |   useEffect(() => { active.current = true; return () => { active.current = false; request.current++; }; }, []);
  41 |   useEffect(() => { if (Number.isFinite(data.latitude)) setLatitude(String(data.latitude)); if (Number.isFinite(data.longitude)) setLongitude(String(data.longitude)); }, [data.latitude, data.longitude]);
> 42 |   useEffect(() => { if (disabled) { request.current++; setBusy(false); } }, [disabled]);
     |                                                        ^^^^^^^ Avoid calling setState() directly within an effect
  43 |   useEffect(() => { if (data.address !== undefined) setAddress(data.address); }, [data.address]);
  44 |   function update(lat: string, lon: string, nextAddress = address) {
  45 |     setLatitude(lat); setLongitude(lon); setAddress(nextAddress);                                                                      react-hooks/set-state-in-effect
  43:53  error    Error: Calling setState synchronously within an effect can trigger cascading renders

Effects are intended to synchronize state between React and external systems such as manually updating the DOM, state management libraries, or other platform APIs. In general, the body of an effect should do one or both of the following:
* Update external systems with the latest state from React.
* Subscribe for updates from some external system, calling setState in a callback function when external state changes.

Calling setState synchronously within an effect body causes cascading renders that can hurt performance, and is not recommended. (https://react.dev/learn/you-might-not-need-an-effect).

/workspace/scratch/75c2273f6a80/arca-ui-V030-042/enterprise/frontend/packages/business-shared/src/lowcode/ExtendedFields.tsx:43:53
  41 |   useEffect(() => { if (Number.isFinite(data.latitude)) setLatitude(String(data.latitude)); if (Number.isFinite(data.longitude)) setLongitude(String(data.longitude)); }, [data.latitude, data.longitude]);
  42 |   useEffect(() => { if (disabled) { request.current++; setBusy(false); } }, [disabled]);
> 43 |   useEffect(() => { if (data.address !== undefined) setAddress(data.address); }, [data.address]);
     |                                                     ^^^^^^^^^^ Avoid calling setState() directly within an effect
  44 |   function update(lat: string, lon: string, nextAddress = address) {
  45 |     setLatitude(lat); setLongitude(lon); setAddress(nextAddress);
  46 |     if (!lat.trim() && !lon.trim() && !nextAddress.trim()) { onChange(undefined); return; }                                                                                          react-hooks/set-state-in-effect
  73:5   error    Error: Calling setState synchronously within an effect can trigger cascading renders

Effects are intended to synchronize state between React and external systems such as manually updating the DOM, state management libraries, or other platform APIs. In general, the body of an effect should do one or both of the following:
* Update external systems with the latest state from React.
* Subscribe for updates from some external system, calling setState in a callback function when external state changes.

Calling setState synchronously within an effect body causes cascading renders that can hurt performance, and is not recommended. (https://react.dev/learn/you-might-not-need-an-effect).

/workspace/scratch/75c2273f6a80/arca-ui-V030-042/enterprise/frontend/packages/business-shared/src/lowcode/ExtendedFields.tsx:73:5
  71 |   useEffect(() => {
  72 |     if (!errorSections.length) return;
> 73 |     setExpanded((previous) => ({ ...previous, ...Object.fromEntries(errorSections.map((id) => [id, true])) }));
     |     ^^^^^^^^^^^ Avoid calling setState() directly within an effect
  74 |     setSelected((previous) => previous && errorSections.includes(previous) ? previous : errorSections[0]);
  75 |   }, [errorKey]);
  76 |   const active = sections.some((section) => section.id === selected) ? selected : sections[0]?.id;                                                                                                                                                                                                                                                                                                                                                                         react-hooks/set-state-in-effect
  75:6   warning  React Hook useEffect has a missing dependency: 'errorSections'. Either include it or remove the dependency array                                                                                                                                                                                                                                                                                                                                                                                                                                                                                                                                                                                                                                                                                                                                                                                                                                                                                                                                                                                                                                                                                                                                                                                                                                                                                                                                                                                                                                                                                                                                                                                                                                            react-hooks/exhaustive-deps

/workspace/scratch/75c2273f6a80/arca-ui-V030-042/enterprise/frontend/packages/business-shared/src/lowcode/FieldFilePreview.tsx
  5:17  error  Fast refresh only works when a file only exports components. Use a new file to share constants or functions between components  react-refresh/only-export-components

/workspace/scratch/75c2273f6a80/arca-ui-V030-042/enterprise/frontend/packages/business-shared/src/lowcode/FieldRenderer.tsx
  128:77   error    Error: Cannot access refs during render

React refs are values that are not needed for rendering. Refs should only be accessed outside of render, such as in event handlers or effects. Accessing a ref value (the `current` property) during render can cause your component not to update as expected (https://react.dev/reference/react/useRef).

/workspace/scratch/75c2273f6a80/arca-ui-V030-042/enterprise/frontend/packages/business-shared/src/lowcode/FieldRenderer.tsx:128:77
  126 |   const schema=useMemo(()=>applyFormLayout(sourceSchema,selectedLayout),[sourceSchema,selectedLayout]);
  127 |   const rendererId = useId();
> 128 |   const initialSnapshot = useRef(value), changeCallback = useRef(onChange); changeCallback.current = onChange;
      |                                                                             ^^^^^^^^^^^^^^^^^^^^^^ Cannot update ref during render
  129 |   const initializeDefaults = mode === "create" && originalValue === undefined && !readOnly;
  130 |   const me = useLoad<DefaultUser>(initializeDefaults && schema.fields.some(field => field.defaultConfig?.source === "INITIATOR_DEPARTMENT") ? "/api/v1/me" : undefined);
  131 |   const defaultSnapshots = useRef<Record<string, unknown>>({});                                                                                                                                                                                                                                                                                                                                                                                                                                                                                                                                                                                                                                                                                                                                                                                                                                                                           react-hooks/refs
  133:103  error    Error: Cannot access refs during render

React refs are values that are not needed for rendering. Refs should only be accessed outside of render, such as in event handlers or effects. Accessing a ref value (the `current` property) during render can cause your component not to update as expected (https://react.dev/reference/react/useRef).

/workspace/scratch/75c2273f6a80/arca-ui-V030-042/enterprise/frontend/packages/business-shared/src/lowcode/FieldRenderer.tsx:133:103
  131 |   const defaultSnapshots = useRef<Record<string, unknown>>({});
  132 |   const localDefaults = initializeDefaults ? initializeFieldDefaults(schema, value, { user: me.data, directory: directory.people.length || directory.units.length ? directory : undefined }) : { values: value, errors: {} };
> 133 |   const baseContext = { mode, referenceFields:contextFields, referenceValues:contextValues, existing: originalValue ?? { ...initialSnapshot.current, ...defaultSnapshots.current, ...Object.fromEntries(Object.entries(localDefaults.values).filter(([id]) => !Object.hasOwn(value, id))) } };
      |                                                                                                       ^^^^^^^^^^^^^^^^^^^^^^^^^^^^^^^^^^^^^^^^^^^^^^^^^^^^^^^^^^^^^^^^^^^^^^^^^^^^^^^^^^^^^^^^^^^^^^^^^^^^^^^^^^^^^^^^^^^^^^^^^^^^^^^^^^^^^^^^^^^^^^^^^^^^^^^^^^^^^^^^^^^^^^^^^^^^^^^^^^^^^ Cannot access ref value during render
  134 |   const resolvingSources=useRef(new Set<string>()),resolvingCallback=useRef(onResolvingChange);resolvingCallback.current=onResolvingChange;
  135 |   const resolvingChanged=useCallback((source:string,busy:boolean)=>{const before=resolvingSources.current.size>0;if(busy)resolvingSources.current.add(source);else resolvingSources.current.delete(source);const after=resolvingSources.current.size>0;if(before!==after)resolvingCallback.current?.(after);},[]);
  136 |   const lookupResolving=useCallback((busy:boolean)=>resolvingChanged("lookup",busy),[resolvingChanged]),eventResolving=useCallback((busy:boolean)=>resolvingChanged("event",busy),[resolvingChanged]);  react-hooks/refs
  133:125  error    Error: Cannot access refs during render

React refs are values that are not needed for rendering. Refs should only be accessed outside of render, such as in event handlers or effects. Accessing a ref value (the `current` property) during render can cause your component not to update as expected (https://react.dev/reference/react/useRef).

/workspace/scratch/75c2273f6a80/arca-ui-V030-042/enterprise/frontend/packages/business-shared/src/lowcode/FieldRenderer.tsx:133:125
  131 |   const defaultSnapshots = useRef<Record<string, unknown>>({});
  132 |   const localDefaults = initializeDefaults ? initializeFieldDefaults(schema, value, { user: me.data, directory: directory.people.length || directory.units.length ? directory : undefined }) : { values: value, errors: {} };
> 133 |   const baseContext = { mode, referenceFields:contextFields, referenceValues:contextValues, existing: originalValue ?? { ...initialSnapshot.current, ...defaultSnapshots.current, ...Object.fromEntries(Object.entries(localDefaults.values).filter(([id]) => !Object.hasOwn(value, id))) } };
      |                                                                                                                             ^^^^^^^^^^^^^^^^^^^^^^^ Cannot access ref value during render
  134 |   const resolvingSources=useRef(new Set<string>()),resolvingCallback=useRef(onResolvingChange);resolvingCallback.current=onResolvingChange;
  135 |   const resolvingChanged=useCallback((source:string,busy:boolean)=>{const before=resolvingSources.current.size>0;if(busy)resolvingSources.current.add(source);else resolvingSources.current.delete(source);const after=resolvingSources.current.size>0;if(before!==after)resolvingCallback.current?.(after);},[]);
  136 |   const lookupResolving=useCallback((busy:boolean)=>resolvingChanged("lookup",busy),[resolvingChanged]),eventResolving=useCallback((busy:boolean)=>resolvingChanged("event",busy),[resolvingChanged]);                                                                                                                                          react-hooks/refs
  133:153  error    Error: Cannot access refs during render

React refs are values that are not needed for rendering. Refs should only be accessed outside of render, such as in event handlers or effects. Accessing a ref value (the `current` property) during render can cause your component not to update as expected (https://react.dev/reference/react/useRef).

/workspace/scratch/75c2273f6a80/arca-ui-V030-042/enterprise/frontend/packages/business-shared/src/lowcode/FieldRenderer.tsx:133:153
  131 |   const defaultSnapshots = useRef<Record<string, unknown>>({});
  132 |   const localDefaults = initializeDefaults ? initializeFieldDefaults(schema, value, { user: me.data, directory: directory.people.length || directory.units.length ? directory : undefined }) : { values: value, errors: {} };
> 133 |   const baseContext = { mode, referenceFields:contextFields, referenceValues:contextValues, existing: originalValue ?? { ...initialSnapshot.current, ...defaultSnapshots.current, ...Object.fromEntries(Object.entries(localDefaults.values).filter(([id]) => !Object.hasOwn(value, id))) } };
      |                                                                                                                                                         ^^^^^^^^^^^^^^^^^^^^^^^^ Cannot access ref value during render
  134 |   const resolvingSources=useRef(new Set<string>()),resolvingCallback=useRef(onResolvingChange);resolvingCallback.current=onResolvingChange;
  135 |   const resolvingChanged=useCallback((source:string,busy:boolean)=>{const before=resolvingSources.current.size>0;if(busy)resolvingSources.current.add(source);else resolvingSources.current.delete(source);const after=resolvingSources.current.size>0;if(before!==after)resolvingCallback.current?.(after);},[]);
  136 |   const lookupResolving=useCallback((busy:boolean)=>resolvingChanged("lookup",busy),[resolvingChanged]),eventResolving=useCallback((busy:boolean)=>resolvingChanged("event",busy),[resolvingChanged]);                                                                                                             react-hooks/refs
  134:96   error    Error: Cannot access refs during render

React refs are values that are not needed for rendering. Refs should only be accessed outside of render, such as in event handlers or effects. Accessing a ref value (the `current` property) during render can cause your component not to update as expected (https://react.dev/reference/react/useRef).

/workspace/scratch/75c2273f6a80/arca-ui-V030-042/enterprise/frontend/packages/business-shared/src/lowcode/FieldRenderer.tsx:134:96
  132 |   const localDefaults = initializeDefaults ? initializeFieldDefaults(schema, value, { user: me.data, directory: directory.people.length || directory.units.length ? directory : undefined }) : { values: value, errors: {} };
  133 |   const baseContext = { mode, referenceFields:contextFields, referenceValues:contextValues, existing: originalValue ?? { ...initialSnapshot.current, ...defaultSnapshots.current, ...Object.fromEntries(Object.entries(localDefaults.values).filter(([id]) => !Object.hasOwn(value, id))) } };
> 134 |   const resolvingSources=useRef(new Set<string>()),resolvingCallback=useRef(onResolvingChange);resolvingCallback.current=onResolvingChange;
      |                                                                                                ^^^^^^^^^^^^^^^^^^^^^^^^^ Cannot update ref during render
  135 |   const resolvingChanged=useCallback((source:string,busy:boolean)=>{const before=resolvingSources.current.size>0;if(busy)resolvingSources.current.add(source);else resolvingSources.current.delete(source);const after=resolvingSources.current.size>0;if(before!==after)resolvingCallback.current?.(after);},[]);
  136 |   const lookupResolving=useCallback((busy:boolean)=>resolvingChanged("lookup",busy),[resolvingChanged]),eventResolving=useCallback((busy:boolean)=>resolvingChanged("event",busy),[resolvingChanged]);
  137 |   useEffect(()=>()=>{resolvingSources.current.clear();resolvingCallback.current?.(false);},[]);                                                                                                                                            react-hooks/refs
  138:66   error    Error: Cannot access refs during render

React refs are values that are not needed for rendering. Refs should only be accessed outside of render, such as in event handlers or effects. Accessing a ref value (the `current` property) during render can cause your component not to update as expected (https://react.dev/reference/react/useRef).

/workspace/scratch/75c2273f6a80/arca-ui-V030-042/enterprise/frontend/packages/business-shared/src/lowcode/FieldRenderer.tsx:138:66
  136 |   const lookupResolving=useCallback((busy:boolean)=>resolvingChanged("lookup",busy),[resolvingChanged]),eventResolving=useCallback((busy:boolean)=>resolvingChanged("event",busy),[resolvingChanged]);
  137 |   useEffect(()=>()=>{resolvingSources.current.clear();resolvingCallback.current?.(false);},[]);
> 138 |   const lookups = useLookupSession(schema, localDefaults.values, baseContext, !readOnly && !disabled, lookupResolving, initializeDefaults);
      |                                                                  ^^^^^^^^^^^ Cannot access ref value during render
  139 |   const defaults = initializeDefaults ? initializeFieldDefaults(schema, localDefaults.values, { user: me.data, directory: directory.people.length || directory.units.length ? directory : undefined, lookupResolver: lookups.resolve }) : localDefaults;
  140 |   for (const field of schema.fields) if (field.defaultConfig && !Object.hasOwn(value, field.id) && Object.hasOwn(defaults.values, field.id)) defaultSnapshots.current[field.id] = defaults.values[field.id];
  141 |   baseContext.existing = originalValue ?? { ...baseContext.existing, ...defaultSnapshots.current };                                                                                                                                                                                                                                                                                                                                                                                                                                                        react-hooks/refs
  140:142  error    Error: Cannot access refs during render

React refs are values that are not needed for rendering. Refs should only be accessed outside of render, such as in event handlers or effects. Accessing a ref value (the `current` property) during render can cause your component not to update as expected (https://react.dev/reference/react/useRef).

/workspace/scratch/75c2273f6a80/arca-ui-V030-042/enterprise/frontend/packages/business-shared/src/lowcode/FieldRenderer.tsx:140:142
  138 |   const lookups = useLookupSession(schema, localDefaults.values, baseContext, !readOnly && !disabled, lookupResolving, initializeDefaults);
  139 |   const defaults = initializeDefaults ? initializeFieldDefaults(schema, localDefaults.values, { user: me.data, directory: directory.people.length || directory.units.length ? directory : undefined, lookupResolver: lookups.resolve }) : localDefaults;
> 140 |   for (const field of schema.fields) if (field.defaultConfig && !Object.hasOwn(value, field.id) && Object.hasOwn(defaults.values, field.id)) defaultSnapshots.current[field.id] = defaults.values[field.id];
      |                                                                                                                                              ^^^^^^^^^^^^^^^^^^^^^^^^ Cannot update ref during render
  141 |   baseContext.existing = originalValue ?? { ...baseContext.existing, ...defaultSnapshots.current };
  142 |   const ruleContext = { ...baseContext, lookupResolver: lookups.resolve };
  143 |   const resolved = readOnly ? {                                                                                                                                                                                                                                                                                                                                                                                                                                                                                                                                                                react-hooks/refs
  141:3    error    Error: This value cannot be modified

Modifying a value previously passed as an argument to a hook is not allowed. Consider moving the modification before calling the hook.

/workspace/scratch/75c2273f6a80/arca-ui-V030-042/enterprise/frontend/packages/business-shared/src/lowcode/FieldRenderer.tsx:141:3
  139 |   const defaults = initializeDefaults ? initializeFieldDefaults(schema, localDefaults.values, { user: me.data, directory: directory.people.length || directory.units.length ? directory : undefined, lookupResolver: lookups.resolve }) : localDefaults;
  140 |   for (const field of schema.fields) if (field.defaultConfig && !Object.hasOwn(value, field.id) && Object.hasOwn(defaults.values, field.id)) defaultSnapshots.current[field.id] = defaults.values[field.id];
> 141 |   baseContext.existing = originalValue ?? { ...baseContext.existing, ...defaultSnapshots.current };
      |   ^^^^^^^^^^^ value cannot be modified
  142 |   const ruleContext = { ...baseContext, lookupResolver: lookups.resolve };
  143 |   const resolved = readOnly ? {
  144 |     values: value,                                                                                                                                                                                                                                                                                                                                                                                                                                                                                                                                                                                                                                                                                                                                                                                                                                                                                                                                                                                                                                 react-hooks/immutability
  141:3    error    Error: Cannot access refs during render

React refs are values that are not needed for rendering. Refs should only be accessed outside of render, such as in event handlers or effects. Accessing a ref value (the `current` property) during render can cause your component not to update as expected (https://react.dev/reference/react/useRef).

/workspace/scratch/75c2273f6a80/arca-ui-V030-042/enterprise/frontend/packages/business-shared/src/lowcode/FieldRenderer.tsx:141:3
  139 |   const defaults = initializeDefaults ? initializeFieldDefaults(schema, localDefaults.values, { user: me.data, directory: directory.people.length || directory.units.length ? directory : undefined, lookupResolver: lookups.resolve }) : localDefaults;
  140 |   for (const field of schema.fields) if (field.defaultConfig && !Object.hasOwn(value, field.id) && Object.hasOwn(defaults.values, field.id)) defaultSnapshots.current[field.id] = defaults.values[field.id];
> 141 |   baseContext.existing = originalValue ?? { ...baseContext.existing, ...defaultSnapshots.current };
      |   ^^^^^^^^^^^^^^^^^^^^ Cannot update ref during render
  142 |   const ruleContext = { ...baseContext, lookupResolver: lookups.resolve };
  143 |   const resolved = readOnly ? {
  144 |     values: value,                                                                                                                                                                                                                                                                                                                                                                                                                                                                                                                                                                                                                                                                                                                                                                                                                                          react-hooks/refs
  141:48   error    Error: Cannot access refs during render

React refs are values that are not needed for rendering. Refs should only be accessed outside of render, such as in event handlers or effects. Accessing a ref value (the `current` property) during render can cause your component not to update as expected (https://react.dev/reference/react/useRef).

/workspace/scratch/75c2273f6a80/arca-ui-V030-042/enterprise/frontend/packages/business-shared/src/lowcode/FieldRenderer.tsx:141:48
  139 |   const defaults = initializeDefaults ? initializeFieldDefaults(schema, localDefaults.values, { user: me.data, directory: directory.people.length || directory.units.length ? directory : undefined, lookupResolver: lookups.resolve }) : localDefaults;
  140 |   for (const field of schema.fields) if (field.defaultConfig && !Object.hasOwn(value, field.id) && Object.hasOwn(defaults.values, field.id)) defaultSnapshots.current[field.id] = defaults.values[field.id];
> 141 |   baseContext.existing = originalValue ?? { ...baseContext.existing, ...defaultSnapshots.current };
      |                                                ^^^^^^^^^^^^^^^^^^^^ Cannot access ref value during render
  142 |   const ruleContext = { ...baseContext, lookupResolver: lookups.resolve };
  143 |   const resolved = readOnly ? {
  144 |     values: value,                                                                                                                                                                                                                                                                                                                                                                                                                                                                                                                                                                                                                                                                                                                                                                                      react-hooks/refs
  141:73   error    Error: Cannot access refs during render

React refs are values that are not needed for rendering. Refs should only be accessed outside of render, such as in event handlers or effects. Accessing a ref value (the `current` property) during render can cause your component not to update as expected (https://react.dev/reference/react/useRef).

/workspace/scratch/75c2273f6a80/arca-ui-V030-042/enterprise/frontend/packages/business-shared/src/lowcode/FieldRenderer.tsx:141:73
  139 |   const defaults = initializeDefaults ? initializeFieldDefaults(schema, localDefaults.values, { user: me.data, directory: directory.people.length || directory.units.length ? directory : undefined, lookupResolver: lookups.resolve }) : localDefaults;
  140 |   for (const field of schema.fields) if (field.defaultConfig && !Object.hasOwn(value, field.id) && Object.hasOwn(defaults.values, field.id)) defaultSnapshots.current[field.id] = defaults.values[field.id];
> 141 |   baseContext.existing = originalValue ?? { ...baseContext.existing, ...defaultSnapshots.current };
      |                                                                         ^^^^^^^^^^^^^^^^^^^^^^^^ Cannot access ref value during render
  142 |   const ruleContext = { ...baseContext, lookupResolver: lookups.resolve };
  143 |   const resolved = readOnly ? {
  144 |     values: value,                                                                                                                                                                                                                                                                                                                                                                                                                                                                                                                                                                                                                                                                                                                                                         react-hooks/refs
  141:73   error    Error: Cannot access refs during render

React refs are values that are not needed for rendering. Refs should only be accessed outside of render, such as in event handlers or effects. Accessing a ref value (the `current` property) during render can cause your component not to update as expected (https://react.dev/reference/react/useRef).

/workspace/scratch/75c2273f6a80/arca-ui-V030-042/enterprise/frontend/packages/business-shared/src/lowcode/FieldRenderer.tsx:141:73
  139 |   const defaults = initializeDefaults ? initializeFieldDefaults(schema, localDefaults.values, { user: me.data, directory: directory.people.length || directory.units.length ? directory : undefined, lookupResolver: lookups.resolve }) : localDefaults;
  140 |   for (const field of schema.fields) if (field.defaultConfig && !Object.hasOwn(value, field.id) && Object.hasOwn(defaults.values, field.id)) defaultSnapshots.current[field.id] = defaults.values[field.id];
> 141 |   baseContext.existing = originalValue ?? { ...baseContext.existing, ...defaultSnapshots.current };
      |                                                                         ^^^^^^^^^^^^^^^^^^^^^^^^ Cannot access ref value during render
  142 |   const ruleContext = { ...baseContext, lookupResolver: lookups.resolve };
  143 |   const resolved = readOnly ? {
  144 |     values: value,                                                                                                                                                                                                                                                                                                                                                                                                                                                                                                                                                                                                                                                                                                                                                         react-hooks/refs
  142:28   error    Error: Cannot access refs during render

React refs are values that are not needed for rendering. Refs should only be accessed outside of render, such as in event handlers or effects. Accessing a ref value (the `current` property) during render can cause your component not to update as expected (https://react.dev/reference/react/useRef).

/workspace/scratch/75c2273f6a80/arca-ui-V030-042/enterprise/frontend/packages/business-shared/src/lowcode/FieldRenderer.tsx:142:28
  140 |   for (const field of schema.fields) if (field.defaultConfig && !Object.hasOwn(value, field.id) && Object.hasOwn(defaults.values, field.id)) defaultSnapshots.current[field.id] = defaults.values[field.id];
  141 |   baseContext.existing = originalValue ?? { ...baseContext.existing, ...defaultSnapshots.current };
> 142 |   const ruleContext = { ...baseContext, lookupResolver: lookups.resolve };
      |                            ^^^^^^^^^^^ Cannot access ref value during render
  143 |   const resolved = readOnly ? {
  144 |     values: value,
  145 |     visible: Object.fromEntries(schema.fields.map((field) => [field.id, !field.visibleWhen || ruleMatches(field.visibleWhen, value, schema.fields)])),                                                                                                                                                                                                                                                                                                                                                                                                                                                                                                                                                                                                                                                                                                                                                                                                                                                                                                                     react-hooks/refs
  149:50   error    Error: Cannot access refs during render

React refs are values that are not needed for rendering. Refs should only be accessed outside of render, such as in event handlers or effects. Accessing a ref value (the `current` property) during render can cause your component not to update as expected (https://react.dev/reference/react/useRef).

/workspace/scratch/75c2273f6a80/arca-ui-V030-042/enterprise/frontend/packages/business-shared/src/lowcode/FieldRenderer.tsx:149:50
  147 |     warnings: Object.fromEntries(schema.fields.map((field) => [field.id, (field.warningRules ?? []).filter((warning) => ruleMatches(warning.condition, value, schema.fields))])),
  148 |     errors: {},
> 149 |   } : resolveFieldRules(schema, defaults.values, ruleContext);
      |                                                  ^^^^^^^^^^^ Passing a ref to a function may read its value during render
  150 |   errors = { ...localDefaults.errors, ...defaults.errors, ...resolved.errors, ...errors };
  151 |   const referenceFields=mergeReferenceFields(schema.fields,contextFields),referenceValues=mergeReferenceValues(schema.fields,resolved.values,contextFields,contextValues);
  152 |   const visibleFields = schema.fields.filter((field) => isFieldVisible(field, mode, readOnly) && resolved.visible[field.id]).map((field) => ({ ...field, required: resolved.required[field.id] }));                                                                                                                                                                                                                                                                                                                                                                                                                                                                                                                                                                                                                                                                                                                                   react-hooks/refs
  153:39   error    Error: Cannot access refs during render

React refs are values that are not needed for rendering. Refs should only be accessed outside of render, such as in event handlers or effects. Accessing a ref value (the `current` property) during render can cause your component not to update as expected (https://react.dev/reference/react/useRef).

/workspace/scratch/75c2273f6a80/arca-ui-V030-042/enterprise/frontend/packages/business-shared/src/lowcode/FieldRenderer.tsx:153:39
  151 |   const referenceFields=mergeReferenceFields(schema.fields,contextFields),referenceValues=mergeReferenceValues(schema.fields,resolved.values,contextFields,contextValues);
  152 |   const visibleFields = schema.fields.filter((field) => isFieldVisible(field, mode, readOnly) && resolved.visible[field.id]).map((field) => ({ ...field, required: resolved.required[field.id] }));
> 153 |   const latestValues = useRef(value); latestValues.current = value;
      |                                       ^^^^^^^^^^^^^^^^^^^^ Cannot update ref during render
  154 |   const events=useFieldEvents(sourceSchema,fileContext,!readOnly&&!disabled&&!fieldPathPrefix,patch=>{
  155 |     const current=latestValues.current,visibility=resolveFieldRules(schema,current,ruleContext).visible,next={...current};
  156 |     for(const [id,entry] of Object.entries(patch)){const field=schema.fields.find(field=>field.id===id);if(field&&fieldEventField(field)&&isFieldVisible(field,mode)&&visibility[id])next[id]=entry;}                                                                                                                                                                                                                                                                                                                                                                                                                                                                                                                                                                                                                  react-hooks/refs
  164:6    warning  React Hook useEffect has a missing dependency: 'resolved.values'. Either include it or remove the dependency array                                                                                                                                                                                                                                                                                                                                                                                                                                                                                                                                                                                                                                                                                                                                                                                                                                                                                                                                                                                                                                                                                                                                                                                                                                                                                                                                                                                                                                                                                                                                                                                                                                                                                                                                                                                                                                                                                                                                                                                                                                     react-hooks/exhaustive-deps
  166:3    error    Error: Cannot access refs during render

React refs are values that are not needed for rendering. Refs should only be accessed outside of render, such as in event handlers or effects. Accessing a ref value (the `current` property) during render can cause your component not to update as expected (https://react.dev/reference/react/useRef).

/workspace/scratch/75c2273f6a80/arca-ui-V030-042/enterprise/frontend/packages/business-shared/src/lowcode/FieldRenderer.tsx:166:3
  164 |   }, [value, schema, originalValue, mode, readOnly, disabled, lookups]);
  165 |   const uploadingFields = useRef(new Set<string>()), uploadingCallback = useRef(onUploadingChange);
> 166 |   uploadingCallback.current = onUploadingChange;
      |   ^^^^^^^^^^^^^^^^^^^^^^^^^ Cannot update ref during render
  167 |   const uploadingChanged = useCallback((fieldId: string, busy: boolean) => {
  168 |     const previous = uploadingFields.current.size > 0;
  169 |     if (busy) uploadingFields.current.add(fieldId); else uploadingFields.current.delete(fieldId);                                                                                                                                                                                                                                                                                                                                                                                                                                                                                                                                                                                                                                                                                                                                                                                                                                                                                                                                                                                                                                                                         react-hooks/refs
  295:27   error    Error: Cannot access refs during render

React refs are values that are not needed for rendering. Refs should only be accessed outside of render, such as in event handlers or effects. Accessing a ref value (the `current` property) during render can cause your component not to update as expected (https://react.dev/reference/react/useRef).

/workspace/scratch/75c2273f6a80/arca-ui-V030-042/enterprise/frontend/packages/business-shared/src/lowcode/FieldRenderer.tsx:295:27
  293 |       {topErrors.map((error, index) => <p key={index} role="alert" className="text-body text-destructive">{error}</p>)}
  294 |       <div className={cn(appearance.density === "compact" ? "space-y-3" : "space-y-6")}>
> 295 |         {renderedRows.map(({ id: rowId, fields: row }) => (
      |                           ^^^^^^^^^^^^^^^^^^^^^^^^^^^^^^^^^
> 296 |         <div key={rowId} className={cn("grid grid-cols-12", appearance.density === "compact" ? "gap-x-4" : "gap-x-6")}>
      | ^^^^^^^^^^^^^^^^^^^^^^^^^^^^^^^^^^^^^^^^^^^^^^^^^^^^^^^^^^^^^^^^^^^^^^^^^^^^^^^^^^^^^^^^^^^^^^^^^^^^^^^^^^^^^^^^^^^^^^^
> 297 |         {row.map(renderField)}
      | ^^^^^^^^^^^^^^^^^^^^^^^^^^^^^^^^^^^^^^^^^^^^^^^^^^^^^^^^^^^^^^^^^^^^^^^^^^^^^^^^^^^^^^^^^^^^^^^^^^^^^^^^^^^^^^^^^^^^^^^
> 298 |         </div>
      | ^^^^^^^^^^^^^^^^^^^^^^^^^^^^^^^^^^^^^^^^^^^^^^^^^^^^^^^^^^^^^^^^^^^^^^^^^^^^^^^^^^^^^^^^^^^^^^^^^^^^^^^^^^^^^^^^^^^^^^^
> 299 |         ))}
      | ^^^^^^^^^^ Cannot access ref value during render
  300 |       </div>
  301 |     </section>
  302 |     </LookupContext.Provider>                                                                                                                                                                                                                                                                                                                                                                                                                                                                                                                          react-hooks/refs

/workspace/scratch/75c2273f6a80/arca-ui-V030-042/enterprise/frontend/packages/business-shared/src/lowcode/FileField.tsx
  31:6   warning  React Hook useEffect has a missing dependency: 'context'. Either include it or remove the dependency array                                                                                                                                                                                                                                                                                                                                                                                                                                                                                                                                                                                                                                                                                                                                                                                                                                                                                                                                                                                                                                                                                                                                                                                                                                                                                                                                                  react-hooks/exhaustive-deps
  46:45  error    Error: Cannot access refs during render

React refs are values that are not needed for rendering. Refs should only be accessed outside of render, such as in event handlers or effects. Accessing a ref value (the `current` property) during render can cause your component not to update as expected (https://react.dev/reference/react/useRef).

/workspace/scratch/75c2273f6a80/arca-ui-V030-042/enterprise/frontend/packages/business-shared/src/lowcode/FileField.tsx:46:45
  44 |   useEffect(()=>{const query=window.matchMedia("(pointer: coarse)"),update=()=>setCoarse(query.matches);query.addEventListener("change",update);return()=>query.removeEventListener("change",update);},[]);
  45 |   const chooser = useRef<HTMLInputElement>(null), upload = useRef<AbortController | null>(null);
> 46 |   const latest = useRef({ ids, onChange }); latest.current = { ids, onChange };
     |                                             ^^^^^^^^^^^^^^ Cannot update ref during render
  47 |   const uploadingCallback = useRef(onUploadingChange); uploadingCallback.current = onUploadingChange;
  48 |   const maxFiles = field.fileConfig?.maxFiles ?? 10, maxSize = (field.fileConfig?.maxSizeMb ?? 10) * 1024 * 1024;
  49 |   const accepted = field.fileConfig?.accept?.length ? field.fileConfig.accept.map((extension) => extension.toLowerCase()) : ["image", "displayImage"].includes(field.type) ? safeImageExtensions : [];  react-hooks/refs
  47:56  error    Error: Cannot access refs during render

React refs are values that are not needed for rendering. Refs should only be accessed outside of render, such as in event handlers or effects. Accessing a ref value (the `current` property) during render can cause your component not to update as expected (https://react.dev/reference/react/useRef).

/workspace/scratch/75c2273f6a80/arca-ui-V030-042/enterprise/frontend/packages/business-shared/src/lowcode/FileField.tsx:47:56
  45 |   const chooser = useRef<HTMLInputElement>(null), upload = useRef<AbortController | null>(null);
  46 |   const latest = useRef({ ids, onChange }); latest.current = { ids, onChange };
> 47 |   const uploadingCallback = useRef(onUploadingChange); uploadingCallback.current = onUploadingChange;
     |                                                        ^^^^^^^^^^^^^^^^^^^^^^^^^ Cannot update ref during render
  48 |   const maxFiles = field.fileConfig?.maxFiles ?? 10, maxSize = (field.fileConfig?.maxSizeMb ?? 10) * 1024 * 1024;
  49 |   const accepted = field.fileConfig?.accept?.length ? field.fileConfig.accept.map((extension) => extension.toLowerCase()) : ["image", "displayImage"].includes(field.type) ? safeImageExtensions : [];
  50 |   const valueKey = ids.join(",");                                                                                                                                                      react-hooks/refs
  62:6   warning  React Hook useEffect has missing dependencies: 'context' and 'ids'. Either include them or remove the dependency array                                                                                                                                                                                                                                                                                                                                                                                                                                                                                                                                                                                                                                                                                                                                                                                                                                                                                                                                                                                                                                                                                                                                                                                                                                                                                                                                      react-hooks/exhaustive-deps

/workspace/scratch/75c2273f6a80/arca-ui-V030-042/enterprise/frontend/packages/business-shared/src/lowcode/LookupSession.tsx
  15:106  error    Error: Cannot access refs during render

React refs are values that are not needed for rendering. Refs should only be accessed outside of render, such as in event handlers or effects. Accessing a ref value (the `current` property) during render can cause your component not to update as expected (https://react.dev/reference/react/useRef).

/workspace/scratch/75c2273f6a80/arca-ui-V030-042/enterprise/frontend/packages/business-shared/src/lowcode/LookupSession.tsx:15:106
  13 | export function useLookupSession(schema: TableSchema, values: Record<string, unknown>, context: ValueContext, enabled: boolean, onResolvingChange?: (busy: boolean) => void, initializeDefaults = false): LookupSession {
  14 |   const inherited = useContext(LookupContext), cache = useRef(new Map<string, LookupResult>()), flights = useRef(new Map<string, AbortController>());
> 15 |   const [, redraw] = useState(0), [retry, setRetry] = useState(0), callback = useRef(onResolvingChange); callback.current = onResolvingChange;
     |                                                                                                          ^^^^^^^^^^^^^^^^ Cannot update ref during render
  16 |   const resolve: LookupResolver = (field, data, fields) => {
  17 |     const query = referenceLookupQuery(field, data, fields), result = query ? cache.current.get(lookupKey(query)) : undefined;
  18 |     if (result?.error) throw new Error(result.error);  react-hooks/refs
  21:78   error    Error: Cannot access refs during render

React refs are values that are not needed for rendering. Refs should only be accessed outside of render, such as in event handlers or effects. Accessing a ref value (the `current` property) during render can cause your component not to update as expected (https://react.dev/reference/react/useRef).

/workspace/scratch/75c2273f6a80/arca-ui-V030-042/enterprise/frontend/packages/business-shared/src/lowcode/LookupSession.tsx:21:78
  19 |     return result?.value;
  20 |   };
> 21 |   const prepared = !inherited && enabled ? resolveFieldRules(schema, values, { ...context, lookupResolver: resolve }).values : {};
     |                                                                              ^^^^^^^^^^^^^^^^^^^^^^^^^^^^^^^^^^^^^^^ Passing a ref to a function may read its value during render
  22 |   const queries = !inherited && enabled ? collectReferenceLookupQueries(schema, prepared, context) : new Map<string, LookupQuery>();
  23 |   if (!inherited && enabled && initializeDefaults) for (const [key, query] of collectDefaultLookupQueries(schema, prepared)) queries.set(key, query);
  24 |   const key = JSON.stringify([...queries.keys()].sort()), busy = [...queries.keys()].some((key) => !cache.current.has(key));                                                                                                                                                                  react-hooks/refs
  24:91   error    Error: Cannot access refs during render

React refs are values that are not needed for rendering. Refs should only be accessed outside of render, such as in event handlers or effects. Accessing a ref value (the `current` property) during render can cause your component not to update as expected (https://react.dev/reference/react/useRef).

/workspace/scratch/75c2273f6a80/arca-ui-V030-042/enterprise/frontend/packages/business-shared/src/lowcode/LookupSession.tsx:24:91
  22 |   const queries = !inherited && enabled ? collectReferenceLookupQueries(schema, prepared, context) : new Map<string, LookupQuery>();
  23 |   if (!inherited && enabled && initializeDefaults) for (const [key, query] of collectDefaultLookupQueries(schema, prepared)) queries.set(key, query);
> 24 |   const key = JSON.stringify([...queries.keys()].sort()), busy = [...queries.keys()].some((key) => !cache.current.has(key));
     |                                                                                           ^^^^^^^^^^^^^^^^^^^^^^^^^^^^^^^^ Passing a ref to a function may read its value during render
  25 |   useEffect(() => {
  26 |     if (inherited) return;
  27 |     const active = new Set(queries.keys());                                                                                                                                                                                                                                   react-hooks/refs
  39:6    warning  React Hook useEffect has a missing dependency: 'queries'. Either include it or remove the dependency array                                                                                                                                                                                                                                                                                                                                                                                                                                                                                                                                                                                                                                                                                                                                                                                                                                                                                                                                                                                                                                                                                                                                                                                                                                                                                                                                                                           react-hooks/exhaustive-deps

/workspace/scratch/75c2273f6a80/arca-ui-V030-042/enterprise/frontend/packages/business-shared/src/lowcode/QueryTableField.tsx
  15:17   error    Error: Calling setState synchronously within an effect can trigger cascading renders

Effects are intended to synchronize state between React and external systems such as manually updating the DOM, state management libraries, or other platform APIs. In general, the body of an effect should do one or both of the following:
* Update external systems with the latest state from React.
* Subscribe for updates from some external system, calling setState in a callback function when external state changes.

Calling setState synchronously within an effect body causes cascading renders that can hurt performance, and is not recommended. (https://react.dev/learn/you-might-not-need-an-effect).

/workspace/scratch/75c2273f6a80/arca-ui-V030-042/enterprise/frontend/packages/business-shared/src/lowcode/QueryTableField.tsx:15:17
  13 |   const request=queryTableRequest(config,values,recordId);
  14 |   const sourceKey=JSON.stringify(request),key=JSON.stringify([sourceKey,query,offset,refresh]);
> 15 |   useEffect(()=>setOffset(0),[sourceKey,query]);
     |                 ^^^^^^^^^ Avoid calling setState() directly within an effect
  16 |   useEffect(()=>{if(!request||!config?.tableId||!config.columnIds.length){setResult(undefined);setBusy(false);return;}const abort=new AbortController();setBusy(true);setError("");const timer=setTimeout(()=>{api<RelationPage>("/api/v1/lc/relation-records/search","POST",{...request,q:query,offset},abort.signal).then(page=>{if(!abort.signal.aborted)setResult(page);}).catch(error=>{if(!abort.signal.aborted){setResult(undefined);setError(error instanceof Error?error.message:"查询失败");}}).finally(()=>{if(!abort.signal.aborted)setBusy(false);});},200);return()=>{clearTimeout(timer);abort.abort();};},[key]);
  17 |   if(!config)return <p className="text-caption text-muted-foreground">请配置查询数据表和显示列。</p>;
  18 |   if(config.backReferenceFieldId&&!recordId)return <p className="text-caption text-muted-foreground">保存当前记录后，可查看通过目标关联字段引用它的记录。</p>;                                                                                                                                                                                                                                                                                                                                                                                 react-hooks/set-state-in-effect
  16:75   error    Error: Calling setState synchronously within an effect can trigger cascading renders

Effects are intended to synchronize state between React and external systems such as manually updating the DOM, state management libraries, or other platform APIs. In general, the body of an effect should do one or both of the following:
* Update external systems with the latest state from React.
* Subscribe for updates from some external system, calling setState in a callback function when external state changes.

Calling setState synchronously within an effect body causes cascading renders that can hurt performance, and is not recommended. (https://react.dev/learn/you-might-not-need-an-effect).

/workspace/scratch/75c2273f6a80/arca-ui-V030-042/enterprise/frontend/packages/business-shared/src/lowcode/QueryTableField.tsx:16:75
  14 |   const sourceKey=JSON.stringify(request),key=JSON.stringify([sourceKey,query,offset,refresh]);
  15 |   useEffect(()=>setOffset(0),[sourceKey,query]);
> 16 |   useEffect(()=>{if(!request||!config?.tableId||!config.columnIds.length){setResult(undefined);setBusy(false);return;}const abort=new AbortController();setBusy(true);setError("");const timer=setTimeout(()=>{api<RelationPage>("/api/v1/lc/relation-records/search","POST",{...request,q:query,offset},abort.signal).then(page=>{if(!abort.signal.aborted)setResult(page);}).catch(error=>{if(!abort.signal.aborted){setResult(undefined);setError(error instanceof Error?error.message:"查询失败");}}).finally(()=>{if(!abort.signal.aborted)setBusy(false);});},200);return()=>{clearTimeout(timer);abort.abort();};},[key]);
     |                                                                           ^^^^^^^^^ Avoid calling setState() directly within an effect
  17 |   if(!config)return <p className="text-caption text-muted-foreground">请配置查询数据表和显示列。</p>;
  18 |   if(config.backReferenceFieldId&&!recordId)return <p className="text-caption text-muted-foreground">保存当前记录后，可查看通过目标关联字段引用它的记录。</p>;
  19 |   return <section className="space-y-3" aria-label={field.label}><div className="flex flex-wrap items-end gap-2"><h3 className="min-w-0 flex-1 text-body font-medium">{field.label}</h3><Button variant="outline" size="sm" disabled={busy} onClick={()=>setRefresh(value=>value+1)}>刷新查询</Button></div><Input label="搜索首列" value={query} maxLength={200} onChange={setQuery}/>  react-hooks/set-state-in-effect
  16:599  warning  React Hook useEffect has missing dependencies: 'config.columnIds.length', 'config?.tableId', 'offset', 'query', and 'request'. Either include them or remove the dependency array                                                                                                                                                                                                                                                                                                                                                                                                                                                                                                                                                                                                                                                                                                                                                                                                                                                                                                                                                                                                                                                                                                                                                                                                                                                                                                                                                                                                                                                                                                                                                                                                                                                                                                                                                                                                                                                                                                                                                                                                                                                                                                                                                                                                                                                            react-hooks/exhaustive-deps

/workspace/scratch/75c2273f6a80/arca-ui-V030-042/enterprise/frontend/packages/business-shared/src/lowcode/RecordDetail.tsx
  27:37  error  Error: Calling setState synchronously within an effect can trigger cascading renders

Effects are intended to synchronize state between React and external systems such as manually updating the DOM, state management libraries, or other platform APIs. In general, the body of an effect should do one or both of the following:
* Update external systems with the latest state from React.
* Subscribe for updates from some external system, calling setState in a callback function when external state changes.

Calling setState synchronously within an effect body causes cascading renders that can hurt performance, and is not recommended. (https://react.dev/learn/you-might-not-need-an-effect).

/workspace/scratch/75c2273f6a80/arca-ui-V030-042/enterprise/frontend/packages/business-shared/src/lowcode/RecordDetail.tsx:27:37
  25 |   const detail=schema.detailConfig??defaultDetail,[section,setSection]=useState<DetailSection>(detail.sections[0]),[printing,setPrinting]=useState(false),ownership=useLoad<Ownership>(`${base}/records/${row.id}/ownership`),workflows=useLoad<RecordWorkflow[]>(detail.sections.includes("workflow")?`${base}/records/${row.id}/workflows`:undefined);
  26 |   const [editOwnership,setEditOwnership]=useState(false),[owner,setOwner]=useState(""),[collaborators,setCollaborators]=useState<string[]>([]),[busy,setBusy]=useState(false),[error,setError]=useState(""),[requestKey,setRequestKey]=useState(()=>crypto.randomUUID());
> 27 |   useEffect(()=>{if(ownership.data){setOwner(ownership.data.ownerId);setCollaborators(ownership.data.collaboratorIds);}},[ownership.data]);
     |                                     ^^^^^^^^ Avoid calling setState() directly within an effect
  28 |   useEffect(()=>{if(!detail.sections.includes(section))setSection(detail.sections[0]);},[detail.sections,section]);
  29 |   async function saveOwnership(){if(!ownership.data||busy)return;setBusy(true);setError("");try{await api(`${base}/records/${row.id}/ownership`,"PUT",{ownerId:owner,collaboratorIds:collaborators.filter(id=>id!==owner),revision:ownership.data.revision,idempotencyKey:requestKey});setEditOwnership(false);setRequestKey(crypto.randomUUID());ownership.refresh();onOwnershipChanged?.();}catch(e){setError(message(e));}finally{setBusy(false);}}
  30 |   const files=attachmentEntries(schema,row.data),context={tableId:row.tableId,recordId:row.id};  react-hooks/set-state-in-effect
  28:56  error  Error: Calling setState synchronously within an effect can trigger cascading renders

Effects are intended to synchronize state between React and external systems such as manually updating the DOM, state management libraries, or other platform APIs. In general, the body of an effect should do one or both of the following:
* Update external systems with the latest state from React.
* Subscribe for updates from some external system, calling setState in a callback function when external state changes.

Calling setState synchronously within an effect body causes cascading renders that can hurt performance, and is not recommended. (https://react.dev/learn/you-might-not-need-an-effect).

/workspace/scratch/75c2273f6a80/arca-ui-V030-042/enterprise/frontend/packages/business-shared/src/lowcode/RecordDetail.tsx:28:56
  26 |   const [editOwnership,setEditOwnership]=useState(false),[owner,setOwner]=useState(""),[collaborators,setCollaborators]=useState<string[]>([]),[busy,setBusy]=useState(false),[error,setError]=useState(""),[requestKey,setRequestKey]=useState(()=>crypto.randomUUID());
  27 |   useEffect(()=>{if(ownership.data){setOwner(ownership.data.ownerId);setCollaborators(ownership.data.collaboratorIds);}},[ownership.data]);
> 28 |   useEffect(()=>{if(!detail.sections.includes(section))setSection(detail.sections[0]);},[detail.sections,section]);
     |                                                        ^^^^^^^^^^ Avoid calling setState() directly within an effect
  29 |   async function saveOwnership(){if(!ownership.data||busy)return;setBusy(true);setError("");try{await api(`${base}/records/${row.id}/ownership`,"PUT",{ownerId:owner,collaboratorIds:collaborators.filter(id=>id!==owner),revision:ownership.data.revision,idempotencyKey:requestKey});setEditOwnership(false);setRequestKey(crypto.randomUUID());ownership.refresh();onOwnershipChanged?.();}catch(e){setError(message(e));}finally{setBusy(false);}}
  30 |   const files=attachmentEntries(schema,row.data),context={tableId:row.tableId,recordId:row.id};
  31 |   function body(current:DetailSection){                                                                                                                                                                                                                                                                                              react-hooks/set-state-in-effect

/workspace/scratch/75c2273f6a80/arca-ui-V030-042/enterprise/frontend/packages/business-shared/src/lowcode/RecordPrint.tsx
  23:18   error  Error: This value cannot be modified

Modifying a value returned from 'useState()', which should not be modified directly. Use the setter function to update instead.

/workspace/scratch/75c2273f6a80/arca-ui-V030-042/enterprise/frontend/packages/business-shared/src/lowcode/RecordPrint.tsx:23:18
  21 |   const [portal]=useState(()=>{const element=document.createElement("div");element.dataset.recordPrintRoot="";element.setAttribute("aria-hidden","true");return element;});
  22 |   useEffect(()=>{document.body.append(portal);return()=>portal.remove();},[portal]);
> 23 |   useEffect(()=>{portal.dataset.orientation=orientation;},[portal,orientation]);
     |                  ^^^^^^^^^^^^^^ `portal` cannot be modified
  24 |   const fields=printFields(schema,row.data,selected),title=recordTitle(schema,row.data,row.title),context={tableId:row.tableId,recordId:row.id};
  25 |   const content=<article className="bg-card p-6 text-foreground"><h1 className="mb-3 break-words text-heading font-semibold">{title}</h1>{metadata&&<p className="mb-6 whitespace-pre-wrap text-caption text-muted-foreground">创建人：{row.creatorName||"—"}　创建时间：{dateLabel(row.createdAt)}　记录版本：V{row.revision}</p>}<PrintSnapshot contextFields={schema.fields} schema={{...schema,fields}} data={row.data} directory={directory} context={context} columns={columns}/></article>;
  26 |   function selectTemplate(id:string) {  react-hooks/immutability
  25:250  error  Irregular whitespace not allowed                                                                                                                                                                                                                                                                                                                                                                                                                                                                                                                                                                                                                                                                                                                                                                                                                                                                                                                                                                                                                                                                                                                                                                                                                                                                                                                                                                                                                  no-irregular-whitespace
  25:282  error  Irregular whitespace not allowed                                                                                                                                                                                                                                                                                                                                                                                                                                                                                                                                                                                                                                                                                                                                                                                                                                                                                                                                                                                                                                                                                                                                                                                                                                                                                                                                                                                                                  no-irregular-whitespace

/workspace/scratch/75c2273f6a80/arca-ui-V030-042/enterprise/frontend/packages/business-shared/src/lowcode/RelationField.tsx
  21:176  warning  React Hook useEffect has missing dependencies: 'props' and 'target'. Either include them or remove the dependency array. However, 'props' will change when *any* prop changes, so the preferred fix is to destructure the 'props' object outside of the useEffect call and refer to those specific props inside useEffect                                                                                                                                                                                                                                                                                                                                                                                                                                                                                                                                                                                                                                                                                                                                                                                                                                                                                                                                                                                                                                                                                                                                                                                                                                        react-hooks/exhaustive-deps
  33:17   error    Error: Calling setState synchronously within an effect can trigger cascading renders

Effects are intended to synchronize state between React and external systems such as manually updating the DOM, state management libraries, or other platform APIs. In general, the body of an effect should do one or both of the following:
* Update external systems with the latest state from React.
* Subscribe for updates from some external system, calling setState in a callback function when external state changes.

Calling setState synchronously within an effect body causes cascading renders that can hurt performance, and is not recommended. (https://react.dev/learn/you-might-not-need-an-effect).

/workspace/scratch/75c2273f6a80/arca-ui-V030-042/enterprise/frontend/packages/business-shared/src/lowcode/RelationField.tsx:33:17
  31 |   const base = JSON.stringify([config?.tableId, config?.titleFieldId,filterRequest]), selectedKey = JSON.stringify([base, ids, refresh]), searchKey = JSON.stringify([base, term, refresh]);
  32 |   const searchGeneration = useRef(0);
> 33 |   useEffect(()=>setPage(0),[base]);
     |                 ^^^^^^^ Avoid calling setState() directly within an effect
  34 |   useEffect(() => { const timer = setTimeout(() => { setTerm(query.trim()); setPage(0); }, 250); return () => clearTimeout(timer); }, [query]);
  35 |   useEffect(() => {
  36 |     const refreshLabels = () => { setLabels(undefined); setResults(undefined); setRefresh((current) => current + 1); setPage(0); };  react-hooks/set-state-in-effect
  49:6    warning  React Hook useEffect has missing dependencies: 'config', 'filterRequest', and 'ids'. Either include them or remove the dependency array                                                                                                                                                                                                                                                                                                                                                                                                                                                                                                                                                                                                                                                                                                                                                                                                                                                                                                                                                                                                                                                                                                                                                                                                                                                                                                                                                                                                                          react-hooks/exhaustive-deps
  58:6    warning  React Hook useEffect has missing dependencies: 'config', 'filterRequest', and 'term'. Either include them or remove the dependency array                                                                                                                                                                                                                                                                                                                                                                                                                                                                                                                                                                                                                                                                                                                                                                                                                                                                                                                                                                                                                                                                                                                                                                                                                                                                                                                                                                                                                         react-hooks/exhaustive-deps

/workspace/scratch/75c2273f6a80/arca-ui-V030-042/enterprise/frontend/packages/business-shared/src/lowcode/SignatureField.tsx
  56:71  error  Error: Cannot access refs during render

React refs are values that are not needed for rendering. Refs should only be accessed outside of render, such as in event handlers or effects. Accessing a ref value (the `current` property) during render can cause your component not to update as expected (https://react.dev/reference/react/useRef).

/workspace/scratch/75c2273f6a80/arca-ui-V030-042/enterprise/frontend/packages/business-shared/src/lowcode/SignatureField.tsx:56:71
  54 |     </VectorDocument>
  55 |     <div className="mt-2 flex flex-wrap items-center gap-2"><span className="mr-auto text-caption text-muted-foreground">支持鼠标、触屏或手写笔</span>
> 56 |       <Button size="sm" variant="ghost" disabled={!strokes.length || !!active.current} onClick={() => { const next = strokes.slice(0, -1); onChange(next.length ? { version: 1, strokes: next } : undefined); setNotice(""); }}>撤销上一笔</Button>
     |                                                                       ^^^^^^^^^^^^^^^ Cannot access ref value during render
  57 |       <Button size="sm" variant="ghost" disabled={!strokes.length || !!active.current} onClick={() => { onChange(undefined); setNotice(""); }}>清空重签</Button>
  58 |     </div>
  59 |     {notice && <p role="status" className="mt-1 text-caption text-destructive">{notice}</p>}                                                                                                                               react-hooks/refs
  56:72  error  Error: Cannot access refs during render

React refs are values that are not needed for rendering. Refs should only be accessed outside of render, such as in event handlers or effects. Accessing a ref value (the `current` property) during render can cause your component not to update as expected (https://react.dev/reference/react/useRef).

/workspace/scratch/75c2273f6a80/arca-ui-V030-042/enterprise/frontend/packages/business-shared/src/lowcode/SignatureField.tsx:56:72
  54 |     </VectorDocument>
  55 |     <div className="mt-2 flex flex-wrap items-center gap-2"><span className="mr-auto text-caption text-muted-foreground">支持鼠标、触屏或手写笔</span>
> 56 |       <Button size="sm" variant="ghost" disabled={!strokes.length || !!active.current} onClick={() => { const next = strokes.slice(0, -1); onChange(next.length ? { version: 1, strokes: next } : undefined); setNotice(""); }}>撤销上一笔</Button>
     |                                                                        ^^^^^^^^^^^^^^ Cannot access ref value during render
  57 |       <Button size="sm" variant="ghost" disabled={!strokes.length || !!active.current} onClick={() => { onChange(undefined); setNotice(""); }}>清空重签</Button>
  58 |     </div>
  59 |     {notice && <p role="status" className="mt-1 text-caption text-destructive">{notice}</p>}

To initialize a ref only once, check that the ref is null with the pattern `if (ref.current == null) { ref.current = ... }`  react-hooks/refs
  57:71  error  Error: Cannot access refs during render

React refs are values that are not needed for rendering. Refs should only be accessed outside of render, such as in event handlers or effects. Accessing a ref value (the `current` property) during render can cause your component not to update as expected (https://react.dev/reference/react/useRef).

/workspace/scratch/75c2273f6a80/arca-ui-V030-042/enterprise/frontend/packages/business-shared/src/lowcode/SignatureField.tsx:57:71
  55 |     <div className="mt-2 flex flex-wrap items-center gap-2"><span className="mr-auto text-caption text-muted-foreground">支持鼠标、触屏或手写笔</span>
  56 |       <Button size="sm" variant="ghost" disabled={!strokes.length || !!active.current} onClick={() => { const next = strokes.slice(0, -1); onChange(next.length ? { version: 1, strokes: next } : undefined); setNotice(""); }}>撤销上一笔</Button>
> 57 |       <Button size="sm" variant="ghost" disabled={!strokes.length || !!active.current} onClick={() => { onChange(undefined); setNotice(""); }}>清空重签</Button>
     |                                                                       ^^^^^^^^^^^^^^^ Cannot access ref value during render
  58 |     </div>
  59 |     {notice && <p role="status" className="mt-1 text-caption text-destructive">{notice}</p>}
  60 |   </div>;                                                                                                                                           react-hooks/refs
  57:72  error  Error: Cannot access refs during render

React refs are values that are not needed for rendering. Refs should only be accessed outside of render, such as in event handlers or effects. Accessing a ref value (the `current` property) during render can cause your component not to update as expected (https://react.dev/reference/react/useRef).

/workspace/scratch/75c2273f6a80/arca-ui-V030-042/enterprise/frontend/packages/business-shared/src/lowcode/SignatureField.tsx:57:72
  55 |     <div className="mt-2 flex flex-wrap items-center gap-2"><span className="mr-auto text-caption text-muted-foreground">支持鼠标、触屏或手写笔</span>
  56 |       <Button size="sm" variant="ghost" disabled={!strokes.length || !!active.current} onClick={() => { const next = strokes.slice(0, -1); onChange(next.length ? { version: 1, strokes: next } : undefined); setNotice(""); }}>撤销上一笔</Button>
> 57 |       <Button size="sm" variant="ghost" disabled={!strokes.length || !!active.current} onClick={() => { onChange(undefined); setNotice(""); }}>清空重签</Button>
     |                                                                        ^^^^^^^^^^^^^^ Cannot access ref value during render
  58 |     </div>
  59 |     {notice && <p role="status" className="mt-1 text-caption text-destructive">{notice}</p>}
  60 |   </div>;

To initialize a ref only once, check that the ref is null with the pattern `if (ref.current == null) { ref.current = ... }`              react-hooks/refs

/workspace/scratch/75c2273f6a80/arca-ui-V030-042/enterprise/frontend/packages/business-shared/src/lowcode/SubtableField.tsx
  20:99  error  Error: Cannot access refs during render

React refs are values that are not needed for rendering. Refs should only be accessed outside of render, such as in event handlers or effects. Accessing a ref value (the `current` property) during render can cause your component not to update as expected (https://react.dev/reference/react/useRef).

/workspace/scratch/75c2273f6a80/arca-ui-V030-042/enterprise/frontend/packages/business-shared/src/lowcode/SubtableField.tsx:20:99
  18 |   const rows = Array.isArray(value) ? value.filter((row): row is SubtableRow => row && typeof row.id === "string" && row.values && typeof row.values === "object") : [];
  19 |   const originals = Array.isArray(originalValue) ? originalValue as SubtableRow[] : [];
> 20 |   const newSnapshots = useRef(new Map<string, Record<string, unknown>>()), latest = useRef(rows); latest.current = rows;
     |                                                                                                   ^^^^^^^^^^^^^^ Cannot update ref during render
  21 |   const uploads = useRef(new Set<string>()), callback = useRef(onUploadingChange); callback.current = onUploadingChange;
  22 |   const [uploading, setUploading] = useState(false), [expanded, setExpanded] = useState(new Set<string>()),[selected,setSelected]=useState(new Set<string>());
  23 |   useEffect(() => () => { uploads.current.clear(); callback.current?.(false); }, []);                                                                                                                                                                                                                                                                                                                                                                                                                                                                                                                                                                                                                                                                                                                                                                                                                                                                                                                                                                                                                                                                                                                                                          react-hooks/refs
  21:84  error  Error: Cannot access refs during render

React refs are values that are not needed for rendering. Refs should only be accessed outside of render, such as in event handlers or effects. Accessing a ref value (the `current` property) during render can cause your component not to update as expected (https://react.dev/reference/react/useRef).

/workspace/scratch/75c2273f6a80/arca-ui-V030-042/enterprise/frontend/packages/business-shared/src/lowcode/SubtableField.tsx:21:84
  19 |   const originals = Array.isArray(originalValue) ? originalValue as SubtableRow[] : [];
  20 |   const newSnapshots = useRef(new Map<string, Record<string, unknown>>()), latest = useRef(rows); latest.current = rows;
> 21 |   const uploads = useRef(new Set<string>()), callback = useRef(onUploadingChange); callback.current = onUploadingChange;
     |                                                                                    ^^^^^^^^^^^^^^^^ Cannot update ref during render
  22 |   const [uploading, setUploading] = useState(false), [expanded, setExpanded] = useState(new Set<string>()),[selected,setSelected]=useState(new Set<string>());
  23 |   useEffect(() => () => { uploads.current.clear(); callback.current?.(false); }, []);
  24 |   function uploadChanged(id: string, busy: boolean) {                                                                                                                                                                                                                                                                                                                                                                                                                                                                                                                                                                                                                                                                                                                                                                                                                                                                                                                                                                                                                                                                                                                                                                                                                                                                                          react-hooks/refs
  46:15  error  Error: Cannot access refs during render

React refs are values that are not needed for rendering. Refs should only be accessed outside of render, such as in event handlers or effects. Accessing a ref value (the `current` property) during render can cause your component not to update as expected (https://react.dev/reference/react/useRef).

/workspace/scratch/75c2273f6a80/arca-ui-V030-042/enterprise/frontend/packages/business-shared/src/lowcode/SubtableField.tsx:46:15
  44 |     {!readOnly&&policy.allowAdd&&policy.allowCopy&&rows.length>0&&<div className="flex flex-wrap items-center gap-3"><Button variant="outline" size="sm" disabled={disabled||uploading||!selected.size||rows.length+selected.size>(field.subtableConfig?.maxRows??50)} onClick={()=>copy([...selected])}><CopyAction size={14}/>复制所选行（{selected.size}）</Button><span className="text-caption text-muted-foreground">展开行后选择需要复制的明细。</span></div>}
  45 |     {!rows.length && <p className="rounded-card border border-dashed border-border p-4 text-center text-body text-muted-foreground">暂无明细</p>}
> 46 |     {rows.map((row, index) => {
     |               ^^^^^^^^^^^^^^^^^
> 47 |       const original = originals.find((entry) => entry.id?.toLowerCase() === row.id.toLowerCase());
     | ^^^^^^^^^^^^^^^^^^^^^^^^^^^^^^^^^^^^^^^^^^^^^^^^^^^^^^^^^^^^^^^^^^^^^^^^^^^^^^^^^^^^^^^^^^^^^^^^^^^
> 48 |       if (!original && !newSnapshots.current.has(row.id)) newSnapshots.current.set(row.id, { ...initialValues(schema, me.data, undefined, mode !== "edit"), ...row.values });
     …
     | ^^^^^^^^^^^^^^^^^^^^^^^^^^^^^^^^^^^^^^^^^^^^^^^^^^^^^^^^^^^^^^^^^^^^^^^^^^^^^^^^^^^^^^^^^^^^^^^^^^^
> 56 |       </details>;
     | ^^^^^^^^^^^^^^^^^^^^^^^^^^^^^^^^^^^^^^^^^^^^^^^^^^^^^^^^^^^^^^^^^^^^^^^^^^^^^^^^^^^^^^^^^^^^^^^^^^^
> 57 |     })}
     | ^^^^^^ Cannot access ref value during render
  58 |     {!readOnly && <div className="flex flex-wrap items-center gap-3"><Button variant="outline" size="sm" disabled={!policy.allowAdd || disabled || uploading || rows.length >= (field.subtableConfig?.maxRows ?? 50) || needsUser && !me.data} onClick={addRow}><PlusAction size={14} />添加一行</Button><span className="text-caption text-muted-foreground">{rows.length} / {field.subtableConfig?.maxRows ?? 50} 行{!policy.allowAdd&&"，已禁止新增"}{(field.subtableConfig?.minRows ?? 0) > 0 && `，提交时至少 ${field.subtableConfig!.minRows} 行`}</span>{needsUser && me.error && <p role="alert" className="text-caption text-destructive">无法获取默认发起人：{me.error}</p>}</div>}
  59 |   </div>;
  60 | }  react-hooks/refs

/workspace/scratch/75c2273f6a80/arca-ui-V030-042/enterprise/frontend/packages/business-shared/src/lowcode/WorkflowDesigner.tsx
  79:10  error  Fast refresh only works when a file only exports components. Use a new file to share constants or functions between components  react-refresh/only-export-components

/workspace/scratch/75c2273f6a80/arca-ui-V030-042/enterprise/frontend/packages/business-shared/src/lowcode/advanced-fields.ts
  32:166  error  Unexpected control character(s) in regular expression: \x00  no-control-regex

/workspace/scratch/75c2273f6a80/arca-ui-V030-042/enterprise/frontend/packages/business-shared/src/lowcode/calculations.ts
  93:51  error  Unexpected control character(s) in regular expression: \x09, \x0d, \x09, \x0d  no-control-regex

/workspace/scratch/75c2273f6a80/arca-ui-V030-042/enterprise/frontend/packages/business-shared/src/lowcode/common.tsx
  8:3  error  'Inbox' is defined but never used  @typescript-eslint/no-unused-vars

/workspace/scratch/75c2273f6a80/arca-ui-V030-042/enterprise/frontend/packages/business-shared/src/lowcode/field-model.ts
  741:21  error  '_format' is assigned a value but never used  @typescript-eslint/no-unused-vars

/workspace/scratch/75c2273f6a80/arca-ui-V030-042/enterprise/frontend/packages/business-shared/src/lowcode/model.ts
  253:5  error  Error: Calling setState synchronously within an effect can trigger cascading renders

Effects are intended to synchronize state between React and external systems such as manually updating the DOM, state management libraries, or other platform APIs. In general, the body of an effect should do one or both of the following:
* Update external systems with the latest state from React.
* Subscribe for updates from some external system, calling setState in a callback function when external state changes.

Calling setState synchronously within an effect body causes cascading renders that can hurt performance, and is not recommended. (https://react.dev/learn/you-might-not-need-an-effect).

/workspace/scratch/75c2273f6a80/arca-ui-V030-042/enterprise/frontend/packages/business-shared/src/lowcode/model.ts:253:5
  251 |   useEffect(() => {
  252 |     const controller = new AbortController();
> 253 |     setData(undefined);
      |     ^^^^^^^ Avoid calling setState() directly within an effect
  254 |     setError("");
  255 |     if (!path) {
  256 |       setLoading(false);  react-hooks/set-state-in-effect

/workspace/scratch/75c2273f6a80/arca-ui-V030-042/enterprise/frontend/packages/business-shared/src/lowcode/relations.ts
  33:38   error  'id' is assigned a value but never used    @typescript-eslint/no-unused-vars
  33:41   error  'name' is assigned a value but never used  @typescript-eslint/no-unused-vars
  40:148  error  'id' is defined but never used             @typescript-eslint/no-unused-vars
  40:151  error  'name' is defined but never used           @typescript-eslint/no-unused-vars
  40:156  error  'when' is defined but never used           @typescript-eslint/no-unused-vars

/workspace/scratch/75c2273f6a80/arca-ui-V030-042/enterprise/frontend/packages/business-shared/src/lowcode/useFieldEvents.tsx
   7:17   error    Fast refresh only works when a file only exports components. Use a new file to share constants or functions between components                                                                                                                                                                                                                                                                                                                                                                                                                                                                                                                                                                                                                                                                                                                                                                                                                                                                                                                                                                                                                                                                                                                                                                                                                                                                                                                                                                                                                                                                                                                                                                                react-refresh/only-export-components
   8:93   error    Error: Cannot access refs during render

React refs are values that are not needed for rendering. Refs should only be accessed outside of render, such as in event handlers or effects. Accessing a ref value (the `current` property) during render can cause your component not to update as expected (https://react.dev/reference/react/useRef).

/workspace/scratch/75c2273f6a80/arca-ui-V030-042/enterprise/frontend/packages/business-shared/src/lowcode/useFieldEvents.tsx:8:93
   6 |
   7 | export function useFieldEvents(schema:TableSchema,context:FieldEventContext|undefined,enabled:boolean,apply:(values:Record<string,unknown>)=>void,onBusy:(busy:boolean)=>void) {
>  8 |   const [states,setStates]=useState<FieldEventState[]>([]),callbacks=useRef({apply,onBusy});callbacks.current={apply,onBusy};
     |                                                                                             ^^^^^^^^^^^^^^^^^ Cannot update ref during render
   9 |   const active=!!schema.fieldEvents?.length&&fieldEventsEnabled(context,enabled)&&!fieldEventIssues(schema).length;
  10 |   const identity=JSON.stringify([schema.fieldEvents,context?.tableId,context?.versionId,context?.recordId,context?.recordRevision,active]);
  11 |   const session=useMemo(()=>active&&context?new FieldEventSession(schema.fieldEvents??[],context,(event,body,signal)=>api(`/api/v1/lc/tables/${context.tableId}/field-events/${event.id}`,"POST",body,signal),values=>callbacks.current.apply(values),(next,busy)=>{setStates(next);callbacks.current.onBusy(busy);}):undefined,[identity]);                                                                                             react-hooks/refs
  11:207  error    Error: Cannot access refs during render

React refs are values that are not needed for rendering. Refs should only be accessed outside of render, such as in event handlers or effects. Accessing a ref value (the `current` property) during render can cause your component not to update as expected (https://react.dev/reference/react/useRef).

/workspace/scratch/75c2273f6a80/arca-ui-V030-042/enterprise/frontend/packages/business-shared/src/lowcode/useFieldEvents.tsx:11:207
   9 |   const active=!!schema.fieldEvents?.length&&fieldEventsEnabled(context,enabled)&&!fieldEventIssues(schema).length;
  10 |   const identity=JSON.stringify([schema.fieldEvents,context?.tableId,context?.versionId,context?.recordId,context?.recordRevision,active]);
> 11 |   const session=useMemo(()=>active&&context?new FieldEventSession(schema.fieldEvents??[],context,(event,body,signal)=>api(`/api/v1/lc/tables/${context.tableId}/field-events/${event.id}`,"POST",body,signal),values=>callbacks.current.apply(values),(next,busy)=>{setStates(next);callbacks.current.onBusy(busy);}):undefined,[identity]);
     |                                                                                                                                                                                                               ^^^^^^^^^^^^^^^^^^^^^^^^^^^^^^^^^^^^^^^ Cannot access ref value during render
  12 |   useEffect(()=>()=>session?.dispose(),[session]);
  13 |   return {change:(id:string,values:Record<string,unknown>)=>session?.change(id,values),states,retry:(id:string)=>session?.retry(id)};
  14 | }                                                                 react-hooks/refs
  11:247  error    Error: Cannot access refs during render

React refs are values that are not needed for rendering. Refs should only be accessed outside of render, such as in event handlers or effects. Accessing a ref value (the `current` property) during render can cause your component not to update as expected (https://react.dev/reference/react/useRef).

/workspace/scratch/75c2273f6a80/arca-ui-V030-042/enterprise/frontend/packages/business-shared/src/lowcode/useFieldEvents.tsx:11:247
   9 |   const active=!!schema.fieldEvents?.length&&fieldEventsEnabled(context,enabled)&&!fieldEventIssues(schema).length;
  10 |   const identity=JSON.stringify([schema.fieldEvents,context?.tableId,context?.versionId,context?.recordId,context?.recordRevision,active]);
> 11 |   const session=useMemo(()=>active&&context?new FieldEventSession(schema.fieldEvents??[],context,(event,body,signal)=>api(`/api/v1/lc/tables/${context.tableId}/field-events/${event.id}`,"POST",body,signal),values=>callbacks.current.apply(values),(next,busy)=>{setStates(next);callbacks.current.onBusy(busy);}):undefined,[identity]);
     |                                                                                                                                                                                                                                                       ^^^^^^^^^^^^^^^^^^^^^^^^^^^^^^^^^^^^^^^^^^^^^^^^^^^^^^^^^^^^^^ Cannot access ref value during render
  12 |   useEffect(()=>()=>session?.dispose(),[session]);
  13 |   return {change:(id:string,values:Record<string,unknown>)=>session?.change(id,values),states,retry:(id:string)=>session?.retry(id)};
  14 | }  react-hooks/refs
  11:321  warning  React Hook useMemo has missing dependencies: 'active', 'context', and 'schema.fieldEvents'. Either include them or remove the dependency array                                                                                                                                                                                                                                                                                                                                                                                                                                                                                                                                                                                                                                                                                                                                                                                                                                                                                                                                                                                                                                                                                                                                                                                                                                                                                                                                                                                                                                                                                                                                                                react-hooks/exhaustive-deps

/workspace/scratch/75c2273f6a80/arca-ui-V030-042/enterprise/frontend/packages/business-shared/src/module-runtime.tsx
  12:17  error  Fast refresh only works when a file only exports components. Use a new file to share constants or functions between components  react-refresh/only-export-components
  39:17  error  Fast refresh only works when a file only exports components. Use a new file to share constants or functions between components  react-refresh/only-export-components

/workspace/scratch/75c2273f6a80/arca-ui-V030-042/enterprise/frontend/packages/business-shared/src/organization/AdminPage.tsx
   80:42  error  Error: Calling setState synchronously within an effect can trigger cascading renders

Effects are intended to synchronize state between React and external systems such as manually updating the DOM, state management libraries, or other platform APIs. In general, the body of an effect should do one or both of the following:
* Update external systems with the latest state from React.
* Subscribe for updates from some external system, calling setState in a callback function when external state changes.

Calling setState synchronously within an effect body causes cascading renders that can hurt performance, and is not recommended. (https://react.dev/learn/you-might-not-need-an-effect).

/workspace/scratch/75c2273f6a80/arca-ui-V030-042/enterprise/frontend/packages/business-shared/src/organization/AdminPage.tsx:80:42
  78 |   }
  79 |   useEffect(() => {
> 80 |     if (me?.systemRole === "ADMIN") void reload();
     |                                          ^^^^^^ Avoid calling setState() directly within an effect
  81 |   }, [me?.id, me?.systemRole]);
  82 |   async function mutate(path: string, method: string, body?: unknown) {
  83 |     setBusy(true);                                                                                          react-hooks/set-state-in-effect
  830:5   error  Error: Calling setState synchronously within an effect can trigger cascading renders

Effects are intended to synchronize state between React and external systems such as manually updating the DOM, state management libraries, or other platform APIs. In general, the body of an effect should do one or both of the following:
* Update external systems with the latest state from React.
* Subscribe for updates from some external system, calling setState in a callback function when external state changes.

Calling setState synchronously within an effect body causes cascading renders that can hurt performance, and is not recommended. (https://react.dev/learn/you-might-not-need-an-effect).

/workspace/scratch/75c2273f6a80/arca-ui-V030-042/enterprise/frontend/packages/business-shared/src/organization/AdminPage.tsx:830:5
  828 |   useEffect(() => {
  829 |     const controller = new AbortController();
> 830 |     setLoading(true);
      |     ^^^^^^^^^^ Avoid calling setState() directly within an effect
  831 |     setError("");
  832 |     api<AuditEvent[]>(
  833 |       source === "portal" ? `/api/v1/company/accounts/audit?offset=${offset}` : `/api/v1/audit?offset=${offset}&limit=30${filter ? `&resourceId=${encodeURIComponent(filter)}` : ""}`,  react-hooks/set-state-in-effect

/workspace/scratch/75c2273f6a80/arca-ui-V030-042/enterprise/frontend/packages/business-shared/src/organization/PeoplePicker.tsx
  137:10  error  Error: Cannot create components during render

Components created during render will reset their state each time they are created. Declare components outside of render.

/workspace/scratch/75c2273f6a80/arca-ui-V030-042/enterprise/frontend/packages/business-shared/src/organization/PeoplePicker.tsx:137:10
  135 |           />
  136 |         ) : null}
> 137 |         <Icon size={14} className="shrink-0 text-muted-foreground" />
      |          ^^^^ This component is created during render
  138 |         <ActionSurface
  139 |           type="button"
  140 |           onClick={() => hasChildren && onToggleExpand(node.id)}

/workspace/scratch/75c2273f6a80/arca-ui-V030-042/enterprise/frontend/packages/business-shared/src/organization/PeoplePicker.tsx:92:16
  90 |   const state = unitCheckState(selectedSet, memberIds);
  91 |   const open = expanded.has(node.id);
> 92 |   const Icon = unitIcon(node.kind);
     |                ^^^^^^^^^^^^^^^^^^^ The component is created during render here
  93 |   const hasChildren = node.children.length > 0 || node.people.length > 0;
  94 |   const atLimit = selected.length >= limit;
  95 |   return (                                                                                  react-hooks/static-components
  330:5   error  Error: Calling setState synchronously within an effect can trigger cascading renders

Effects are intended to synchronize state between React and external systems such as manually updating the DOM, state management libraries, or other platform APIs. In general, the body of an effect should do one or both of the following:
* Update external systems with the latest state from React.
* Subscribe for updates from some external system, calling setState in a callback function when external state changes.

Calling setState synchronously within an effect body causes cascading renders that can hurt performance, and is not recommended. (https://react.dev/learn/you-might-not-need-an-effect).

/workspace/scratch/75c2273f6a80/arca-ui-V030-042/enterprise/frontend/packages/business-shared/src/organization/PeoplePicker.tsx:330:5
  328 |   );
  329 |   useEffect(() => {
> 330 |     setExpanded((current) => {
      |     ^^^^^^^^^^^ Avoid calling setState() directly within an effect
  331 |       if (current.size) return current;
  332 |       return new Set(tree.map((node) => node.id));
  333 |     });                                                                                                                                 react-hooks/set-state-in-effect
  337:5   error  Error: Calling setState synchronously within an effect can trigger cascading renders

Effects are intended to synchronize state between React and external systems such as manually updating the DOM, state management libraries, or other platform APIs. In general, the body of an effect should do one or both of the following:
* Update external systems with the latest state from React.
* Subscribe for updates from some external system, calling setState in a callback function when external state changes.

Calling setState synchronously within an effect body causes cascading renders that can hurt performance, and is not recommended. (https://react.dev/learn/you-might-not-need-an-effect).

/workspace/scratch/75c2273f6a80/arca-ui-V030-042/enterprise/frontend/packages/business-shared/src/organization/PeoplePicker.tsx:337:5
  335 |   useEffect(() => {
  336 |     if (!treeQuery.trim()) return;
> 337 |     setExpanded(new Set(collectTreeIds(visibleTree)));
      |     ^^^^^^^^^^^ Avoid calling setState() directly within an effect
  338 |   }, [treeQuery, visibleTree]);
  339 |   const selectedPeople = value.map((id) => resolvePickerPerson(directory, id));
  340 |   const visibleSelected = selectedPeople.filter((person) =>  react-hooks/set-state-in-effect
  525:15  error  Error: Calling setState synchronously within an effect can trigger cascading renders

Effects are intended to synchronize state between React and external systems such as manually updating the DOM, state management libraries, or other platform APIs. In general, the body of an effect should do one or both of the following:
* Update external systems with the latest state from React.
* Subscribe for updates from some external system, calling setState in a callback function when external state changes.

Calling setState synchronously within an effect body causes cascading renders that can hurt performance, and is not recommended. (https://react.dev/learn/you-might-not-need-an-effect).

/workspace/scratch/75c2273f6a80/arca-ui-V030-042/enterprise/frontend/packages/business-shared/src/organization/PeoplePicker.tsx:525:15
  523 |   const [draft, setDraft] = useState(value);
  524 |   useEffect(() => {
> 525 |     if (open) setDraft(value);
      |               ^^^^^^^^ Avoid calling setState() directly within an effect
  526 |   }, [open, value]);
  527 |   const title = label ? `选择${label}` : "选择人员";
  528 |   return (                                                                                                     react-hooks/set-state-in-effect

/workspace/scratch/75c2273f6a80/arca-ui-V030-042/enterprise/frontend/packages/business-shared/src/portal/useAdminAccess.ts
  19:5  error  Error: Calling setState synchronously within an effect can trigger cascading renders

Effects are intended to synchronize state between React and external systems such as manually updating the DOM, state management libraries, or other platform APIs. In general, the body of an effect should do one or both of the following:
* Update external systems with the latest state from React.
* Subscribe for updates from some external system, calling setState in a callback function when external state changes.

Calling setState synchronously within an effect body causes cascading renders that can hurt performance, and is not recommended. (https://react.dev/learn/you-might-not-need-an-effect).

/workspace/scratch/75c2273f6a80/arca-ui-V030-042/enterprise/frontend/packages/business-shared/src/portal/useAdminAccess.ts:19:5
  17 |   useEffect(() => {
  18 |     const controller = new AbortController();
> 19 |     setLoading(true);
     |     ^^^^^^^^^^ Avoid calling setState() directly within an effect
  20 |     setError(undefined);
  21 |     api<PortalCapabilities>("/api/v1/me/capabilities", "GET", undefined, controller.signal)
  22 |       .then(c => setMe({ id: "portal", systemRole: c.root ? "ADMIN" : "USER" }))  react-hooks/set-state-in-effect

/workspace/scratch/75c2273f6a80/arca-ui-V030-042/enterprise/frontend/packages/business-shared/src/shared/design-system/ThemeProvider.tsx
  14:17  error  Fast refresh only works when a file only exports components. Use a new file to share constants or functions between components  react-refresh/only-export-components
  37:17  error  Fast refresh only works when a file only exports components. Use a new file to share constants or functions between components  react-refresh/only-export-components

/workspace/scratch/75c2273f6a80/arca-ui-V030-042/enterprise/frontend/packages/business-shared/src/shared/design-system/designer-navigation.tsx
  5:10  error  Fast refresh only works when a file only exports components. Use a new file to share constants or functions between components  react-refresh/only-export-components
  7:17  error  Fast refresh only works when a file only exports components. Use a new file to share constants or functions between components  react-refresh/only-export-components

/workspace/scratch/75c2273f6a80/arca-ui-V030-042/enterprise/frontend/packages/business-shared/src/shared/design-system/workspace/ContentStage.tsx
   7:14  error  Fast refresh only works when a file only exports components. Use a new file to share constants or functions between components                                                                                                                                                                                                                                                                                                                                                                                                                                                                                                                                                                                                                                                                                                                                                                                                                                                                                                                                 react-refresh/only-export-components
  17:34  error  Error: Cannot access refs during render

React refs are values that are not needed for rendering. Refs should only be accessed outside of render, such as in event handlers or effects. Accessing a ref value (the `current` property) during render can cause your component not to update as expected (https://react.dev/reference/react/useRef).

/workspace/scratch/75c2273f6a80/arca-ui-V030-042/enterprise/frontend/packages/business-shared/src/shared/design-system/workspace/ContentStage.tsx:17:34
  15 | }) {
  16 |   const [stage, setStage] = useState<{ identity: string; phase: "pending" | "skeleton" | "ready"; since: number }>({ identity, phase: ready ? "ready" : "pending", since: 0 });
> 17 |   const current = useRef(stage); current.current = stage;
     |                                  ^^^^^^^^^^^^^^^ Cannot update ref during render
  18 |   const root = useRef<HTMLDivElement>(null);
  19 |   const reduce = useMotionPreference();
  20 |   const displayed = stage.identity === identity ? stage.phase : "pending";  react-hooks/refs

/workspace/scratch/75c2273f6a80/arca-ui-V030-042/enterprise/frontend/packages/business-shared/src/shared/design-system/workspace/WorkspaceUI.tsx
  79:17  error  Fast refresh only works when a file only exports components. Use a new file to share constants or functions between components  react-refresh/only-export-components

/workspace/scratch/75c2273f6a80/arca-ui-V030-042/enterprise/frontend/packages/business-shared/src/shared/icons/file-kind.tsx
  16:17  error  Fast refresh only works when a file only exports components. Use a new file to share constants or functions between components  react-refresh/only-export-components

/workspace/scratch/75c2273f6a80/arca-ui-V030-042/enterprise/frontend/packages/business-shared/src/shared/icons/index.tsx
  18:14  error  Fast refresh only works when a file only exports components. Use a new file to share constants or functions between components  react-refresh/only-export-components
  19:14  error  Fast refresh only works when a file only exports components. Use a new file to share constants or functions between components  react-refresh/only-export-components
  20:14  error  Fast refresh only works when a file only exports components. Use a new file to share constants or functions between components  react-refresh/only-export-components
  21:14  error  Fast refresh only works when a file only exports components. Use a new file to share constants or functions between components  react-refresh/only-export-components
  22:14  error  Fast refresh only works when a file only exports components. Use a new file to share constants or functions between components  react-refresh/only-export-components
  23:14  error  Fast refresh only works when a file only exports components. Use a new file to share constants or functions between components  react-refresh/only-export-components
  24:14  error  Fast refresh only works when a file only exports components. Use a new file to share constants or functions between components  react-refresh/only-export-components
  25:14  error  Fast refresh only works when a file only exports components. Use a new file to share constants or functions between components  react-refresh/only-export-components
  26:14  error  Fast refresh only works when a file only exports components. Use a new file to share constants or functions between components  react-refresh/only-export-components
  27:14  error  Fast refresh only works when a file only exports components. Use a new file to share constants or functions between components  react-refresh/only-export-components
  28:14  error  Fast refresh only works when a file only exports components. Use a new file to share constants or functions between components  react-refresh/only-export-components
  29:14  error  Fast refresh only works when a file only exports components. Use a new file to share constants or functions between components  react-refresh/only-export-components
  30:14  error  Fast refresh only works when a file only exports components. Use a new file to share constants or functions between components  react-refresh/only-export-components
  31:14  error  Fast refresh only works when a file only exports components. Use a new file to share constants or functions between components  react-refresh/only-export-components
  32:14  error  Fast refresh only works when a file only exports components. Use a new file to share constants or functions between components  react-refresh/only-export-components
  33:14  error  Fast refresh only works when a file only exports components. Use a new file to share constants or functions between components  react-refresh/only-export-components
  34:14  error  Fast refresh only works when a file only exports components. Use a new file to share constants or functions between components  react-refresh/only-export-components
  35:14  error  Fast refresh only works when a file only exports components. Use a new file to share constants or functions between components  react-refresh/only-export-components
  36:14  error  Fast refresh only works when a file only exports components. Use a new file to share constants or functions between components  react-refresh/only-export-components
  37:14  error  Fast refresh only works when a file only exports components. Use a new file to share constants or functions between components  react-refresh/only-export-components
  38:14  error  Fast refresh only works when a file only exports components. Use a new file to share constants or functions between components  react-refresh/only-export-components
  39:14  error  Fast refresh only works when a file only exports components. Use a new file to share constants or functions between components  react-refresh/only-export-components
  40:14  error  Fast refresh only works when a file only exports components. Use a new file to share constants or functions between components  react-refresh/only-export-components
  41:14  error  Fast refresh only works when a file only exports components. Use a new file to share constants or functions between components  react-refresh/only-export-components
  42:14  error  Fast refresh only works when a file only exports components. Use a new file to share constants or functions between components  react-refresh/only-export-components
  43:14  error  Fast refresh only works when a file only exports components. Use a new file to share constants or functions between components  react-refresh/only-export-components
  44:14  error  Fast refresh only works when a file only exports components. Use a new file to share constants or functions between components  react-refresh/only-export-components
  45:14  error  Fast refresh only works when a file only exports components. Use a new file to share constants or functions between components  react-refresh/only-export-components
  46:14  error  Fast refresh only works when a file only exports components. Use a new file to share constants or functions between components  react-refresh/only-export-components
  47:14  error  Fast refresh only works when a file only exports components. Use a new file to share constants or functions between components  react-refresh/only-export-components
  48:14  error  Fast refresh only works when a file only exports components. Use a new file to share constants or functions between components  react-refresh/only-export-components
  49:14  error  Fast refresh only works when a file only exports components. Use a new file to share constants or functions between components  react-refresh/only-export-components
  50:14  error  Fast refresh only works when a file only exports components. Use a new file to share constants or functions between components  react-refresh/only-export-components
  51:14  error  Fast refresh only works when a file only exports components. Use a new file to share constants or functions between components  react-refresh/only-export-components
  52:14  error  Fast refresh only works when a file only exports components. Use a new file to share constants or functions between components  react-refresh/only-export-components
  53:14  error  Fast refresh only works when a file only exports components. Use a new file to share constants or functions between components  react-refresh/only-export-components
  54:14  error  Fast refresh only works when a file only exports components. Use a new file to share constants or functions between components  react-refresh/only-export-components
  55:14  error  Fast refresh only works when a file only exports components. Use a new file to share constants or functions between components  react-refresh/only-export-components
  56:14  error  Fast refresh only works when a file only exports components. Use a new file to share constants or functions between components  react-refresh/only-export-components
  57:14  error  Fast refresh only works when a file only exports components. Use a new file to share constants or functions between components  react-refresh/only-export-components

/workspace/scratch/75c2273f6a80/arca-ui-V030-042/enterprise/frontend/packages/business-shared/src/shared/toast.tsx
  23:14  error    Fast refresh only works when a file only exports components. Use a new file to share constants or functions between components  react-refresh/only-export-components
  45:6   warning  React Hook useEffect has a missing dependency: 'stack'. Either include it or remove the dependency array                        react-hooks/exhaustive-deps

/workspace/scratch/75c2273f6a80/arca-ui-V030-042/enterprise/frontend/packages/business-shared/tests/fixtures/automation-designer.tsx
  37:72  error  'output_snapshot' is defined but never used                                                 @typescript-eslint/no-unused-vars
  37:88  error  'input_snapshot' is defined but never used                                                  @typescript-eslint/no-unused-vars
  69:10  error  Fast refresh only works when a file has exports. Move your component(s) to a separate file  react-refresh/only-export-components

/workspace/scratch/75c2273f6a80/arca-ui-V030-042/enterprise/frontend/packages/business-shared/tests/fixtures/automation-organizations.tsx
  7:10  error  Fast refresh only works when a file has exports. Move your component(s) to a separate file  react-refresh/only-export-components

/workspace/scratch/75c2273f6a80/arca-ui-V030-042/enterprise/frontend/packages/business-shared/tests/fixtures/automation-print.tsx
  15:10  error  Fast refresh only works when a file has exports. Move your component(s) to a separate file  react-refresh/only-export-components

/workspace/scratch/75c2273f6a80/arca-ui-V030-042/enterprise/frontend/packages/business-shared/tests/fixtures/field-advanced.tsx
  21:10  error  Fast refresh only works when a file has exports. Move your component(s) to a separate file  react-refresh/only-export-components

/workspace/scratch/75c2273f6a80/arca-ui-V030-042/enterprise/frontend/packages/business-shared/tests/fixtures/field-capabilities.tsx
  31:10  error  Fast refresh only works when a file has exports. Move your component(s) to a separate file  react-refresh/only-export-components

/workspace/scratch/75c2273f6a80/arca-ui-V030-042/enterprise/frontend/packages/business-shared/tests/fixtures/field-choices.tsx
  19:10  error  Fast refresh only works when a file has exports. Move your component(s) to a separate file  react-refresh/only-export-components

/workspace/scratch/75c2273f6a80/arca-ui-V030-042/enterprise/frontend/packages/business-shared/tests/fixtures/field-dynamic-relations.tsx
  32:10  error  Fast refresh only works when a file has exports. Move your component(s) to a separate file  react-refresh/only-export-components

/workspace/scratch/75c2273f6a80/arca-ui-V030-042/enterprise/frontend/packages/business-shared/tests/fixtures/field-events.tsx
  16:10  error  Fast refresh only works when a file has exports. Move your component(s) to a separate file  react-refresh/only-export-components

/workspace/scratch/75c2273f6a80/arca-ui-V030-042/enterprise/frontend/packages/business-shared/tests/fixtures/field-extended.tsx
  17:10  error  Fast refresh only works when a file has exports. Move your component(s) to a separate file  react-refresh/only-export-components

/workspace/scratch/75c2273f6a80/arca-ui-V030-042/enterprise/frontend/packages/business-shared/tests/fixtures/field-region.tsx
  9:10  error  Fast refresh only works when a file has exports. Move your component(s) to a separate file  react-refresh/only-export-components

/workspace/scratch/75c2273f6a80/arca-ui-V030-042/enterprise/frontend/packages/business-shared/tests/fixtures/field-relation-create.tsx
  29:10  error  Fast refresh only works when a file has exports. Move your component(s) to a separate file  react-refresh/only-export-components

/workspace/scratch/75c2273f6a80/arca-ui-V030-042/enterprise/frontend/packages/business-shared/tests/fixtures/field-relation-extensions.tsx
  28:10  error  Fast refresh only works when a file has exports. Move your component(s) to a separate file  react-refresh/only-export-components

/workspace/scratch/75c2273f6a80/arca-ui-V030-042/enterprise/frontend/packages/business-shared/tests/fixtures/field-relations.tsx
  33:10  error  Fast refresh only works when a file has exports. Move your component(s) to a separate file  react-refresh/only-export-components

/workspace/scratch/75c2273f6a80/arca-ui-V030-042/enterprise/frontend/packages/business-shared/tests/fixtures/field-rules.tsx
  18:10  error  Fast refresh only works when a file has exports. Move your component(s) to a separate file  react-refresh/only-export-components

/workspace/scratch/75c2273f6a80/arca-ui-V030-042/enterprise/frontend/packages/business-shared/tests/fixtures/field-settings.tsx
  27:10  error  Fast refresh only works when a file has exports. Move your component(s) to a separate file  react-refresh/only-export-components

/workspace/scratch/75c2273f6a80/arca-ui-V030-042/enterprise/frontend/packages/business-shared/tests/fixtures/field-subtables.tsx
  24:10  error  Fast refresh only works when a file has exports. Move your component(s) to a separate file  react-refresh/only-export-components

/workspace/scratch/75c2273f6a80/arca-ui-V030-042/enterprise/frontend/packages/business-shared/tests/fixtures/form-layouts.tsx
  9:10  error  Fast refresh only works when a file has exports. Move your component(s) to a separate file  react-refresh/only-export-components

/workspace/scratch/75c2273f6a80/arca-ui-V030-042/enterprise/frontend/packages/business-shared/tests/fixtures/typed-formulas.tsx
  19:10  error  Fast refresh only works when a file has exports. Move your component(s) to a separate file                                                                                                                                                                                                                                                                                                                                                                                                                                                                                                                                                                                                                                                                                                                                                                                                                                                                                                                                                                                                                                                                                                                                                                                                                                                                                                                                                                                                                                                                                                                                                                                                                                                                                                                                                                                                                                                                                                                                                                                                                                                                                                                                                                                                                                                                                                         react-refresh/only-export-components
  22:4   error  Error: This value cannot be modified

Modifying a variable defined outside a component or hook is not allowed. Consider using an effect.

/workspace/scratch/75c2273f6a80/arca-ui-V030-042/enterprise/frontend/packages/business-shared/tests/fixtures/typed-formulas.tsx:22:4
  20 |   const [schema,setSchema]=useState(original),[values,setValues]=useState<Record<string,unknown>>({name:"　ab中　",start:"2024-02-28",offset:1}),[selected,setSelected]=useState("caption"),[rule,setRule]=useState<Rule>({fieldId:"caption",operator:"CONTAINS",value:"AB"}),[printing,setPrinting]=useState(false),[submitted,setSubmitted]=useState(false);
  21 |   const prepared=resolveFieldRules(schema,values),errors=validateValues(schema,values),field=schema.fields.find(field=>field.id===selected)!;
> 22 |   (window as unknown as {typedFormulaFixture:unknown}).typedFormulaFixture={schema,values,prepared,errors,rule};
     |    ^^^^^^^^^^^^^^^^^^^^^^^^^^^^^^^^^^^^^^^^^^^^^^^^^^ value cannot be modified
  23 |   const button="rounded-lg border px-3 py-2 text-sm";
  24 |   return <main className="mx-auto max-w-6xl space-y-5 p-5"><h1 className="text-2xl font-semibold">字符串与日期公式</h1><div className="flex flex-wrap gap-3"><button className={button} onClick={()=>setSelected("caption")}>配置文本公式</button><button className={button} onClick={()=>setSelected("due")}>配置日期公式</button><button className={button} onClick={()=>setSubmitted(true)}>校验当前值</button><button className={button} onClick={()=>setPrinting(true)}>查看打印快照</button><button className={button} onClick={()=>{setSchema(original);setValues({name:"　ab中　",start:"2024-02-28",offset:1});setSelected("caption");setRule({fieldId:"caption",operator:"CONTAINS",value:"AB"});}}>恢复示例</button></div>
  25 |   <div className="grid gap-6 lg:grid-cols-[1fr_1fr]"><section data-testid="formula-form" className="min-w-0 rounded-xl border p-4"><FieldRenderer schema={schema} value={values} onChange={setValues} directory={directory} errors={submitted?errors:{}}/></section><section data-testid="formula-settings" className="min-w-0 rounded-xl border p-4"><CalculationEditor field={field} fields={schema.fields} disabled={false} onChange={patch=>setSchema(current=>({...current,fields:current.fields.map(item=>item.id===field.id?{...item,...patch} as LowcodeField:item)}))}/></section></div>  react-hooks/immutability

/workspace/scratch/75c2273f6a80/arca-ui-V030-042/enterprise/frontend/packages/business-shared/tests/fixtures/workflow-relation-context.tsx
  14:10  error  Fast refresh only works when a file has exports. Move your component(s) to a separate file                                                                                                                                                                                                                                                                                                                                                                                                                                                                                                                                                                                                                                                                                                                                                                                                                                                                                                                                                                                                                                                                                                                                                                                                                                                                                                                                                                                                                                                                                                                                                                                                                                                                                                                                                                                                                                                                                                                                                                                                                                                                                                                                                                                                                                                                                                                                                                                                                                                                                                                                                   react-refresh/only-export-components
  16:14  error  Compilation Skipped: Existing memoization could not be preserved

React Compiler has skipped optimizing this component because the existing manual memoization could not be preserved. This value was memoized in source but not in compilation output.

/workspace/scratch/75c2273f6a80/arca-ui-V030-042/enterprise/frontend/packages/business-shared/tests/fixtures/workflow-relation-context.tsx:16:14
  14 | function Fixture(){const [data,setData]=useState<Record<string,unknown>>(original),[editRoute,setEditRoute]=useState(false),[hideRoute,setHideRoute]=useState(false),[errors,setErrors]=useState<Record<string,string>>({}),[submission,setSubmission]=useState<Record<string,unknown>>();
  15 |  const permissions=useMemo<WorkflowFieldPermissions>(()=>({route:{access:hideRoute?"HIDDEN":editRoute?"EDIT":"READ"},routeCode:{access:"READ"},customer:{access:"EDIT",required:true},computed:{access:"READ"},lookup:{access:"READ"},private:{access:"HIDDEN"}}),[editRoute,hideRoute]);
> 16 |  const parts=useMemo(()=>workflowTaskSchemas(schema,permissions),[permissions]),context=useMemo(()=>workflowReferenceValues(parts.contextFields,original),[parts]),values=workflowFieldValues(parts.editSchema,data),existing=workflowFieldValues(parts.editSchema,original);
     |              ^^^^^^^^^^^^^^^^^^^^^^^^^^^^^^^^^^^^^^^^^^^^^^^^^^^^^^^^^^^^^^^^^^ Could not preserve existing memoization
  17 |  return <main className="mx-auto max-w-4xl space-y-5 p-4 sm:p-6"><div className="flex flex-wrap gap-3"><Checkbox label="允许编辑来源类型" checked={editRoute} onCheckedChange={setEditRoute}/><Checkbox label="隐藏来源类型" checked={hideRoute} onCheckedChange={setHideRoute}/><Button onClick={()=>{const next=validateValues(parts.editSchema,values,true,{mode:"edit",existing,referenceFields:parts.contextFields,referenceValues:context});setErrors(next);if(!Object.keys(next).length)setSubmission(workflowDecisionData(schema,permissions,data));}}>确认审批编辑</Button></div>
  18 |  <FieldRenderer schema={parts.readSchema} value={context} onChange={()=>{}} contextFields={parts.contextFields} contextValues={context} directory={directory} mode="edit" readOnly/>
  19 |  <section className="space-y-4 border-t border-border pt-5"><h2 className="font-medium">本节点可编辑</h2><FieldRenderer schema={parts.editSchema} value={values} originalValue={existing} contextFields={parts.contextFields} contextValues={context} onChange={next=>{setData(current=>mergeWorkflowFieldValues(parts.editSchema,current,next));setErrors({});}} directory={directory} mode="edit" errors={errors}/></section>  react-hooks/preserve-manual-memoization

/workspace/scratch/75c2273f6a80/arca-ui-V030-042/enterprise/frontend/packages/ui/src/portal.tsx
  15:19  error  Error: Calling setState synchronously within an effect can trigger cascading renders

Effects are intended to synchronize state between React and external systems such as manually updating the DOM, state management libraries, or other platform APIs. In general, the body of an effect should do one or both of the following:
* Update external systems with the latest state from React.
* Subscribe for updates from some external system, calling setState in a callback function when external state changes.

Calling setState synchronously within an effect body causes cascading renders that can hurt performance, and is not recommended. (https://react.dev/learn/you-might-not-need-an-effect).

/workspace/scratch/75c2273f6a80/arca-ui-V030-042/enterprise/frontend/packages/ui/src/portal.tsx:15:19
  13 | export function AppShell({ user, title, activePath, modules, children, onNavigate, onLogout }: { user: PortalUser; title: string; activePath: string; modules: PortalModule[]; children: ReactNode; onNavigate: (path: string) => void; onLogout: () => void | Promise<void> }) {
  14 |   const [drawerOpen, setDrawerOpen] = useState(false);
> 15 |   useEffect(() => setDrawerOpen(false), [activePath]);
     |                   ^^^^^^^^^^^^^ Avoid calling setState() directly within an effect
  16 |   const navigate = (path: string) => { setDrawerOpen(false); onNavigate(path); };
  17 |   const nav = <><NavigationItem label="首页" path="/" active={activePath === "/"} icon={<HomeIcon/>} onSelect={navigate}/><div className="ent-nav__label">业务模块</div>{modules.map(module => <NavigationItem key={module.id} label={module.title} path={module.basePath} active={activePath === module.basePath || activePath.startsWith(`${module.basePath}/`)} icon={<ModuleIcon/>} onSelect={navigate}/>)}</>;
  18 |   return <div className="ent-shell">  react-hooks/set-state-in-effect

/workspace/scratch/75c2273f6a80/arca-ui-V030-042/enterprise/frontend/packages/ui/src/primitives.tsx
  56:10  error  Fast refresh only works when a file only exports components. Use a new file to share constants or functions between components  react-refresh/only-export-components

/workspace/scratch/75c2273f6a80/arca-ui-V030-042/src/components/arca/attachment-upload.tsx
  74:7  error  Error: Calling setState synchronously within an effect can trigger cascading renders

Effects are intended to synchronize state between React and external systems such as manually updating the DOM, state management libraries, or other platform APIs. In general, the body of an effect should do one or both of the following:
* Update external systems with the latest state from React.
* Subscribe for updates from some external system, calling setState in a callback function when external state changes.

Calling setState synchronously within an effect body causes cascading renders that can hurt performance, and is not recommended. (https://react.dev/learn/you-might-not-need-an-effect).

/workspace/scratch/75c2273f6a80/arca-ui-V030-042/src/components/arca/attachment-upload.tsx:74:7
  72 |       (playingItem.currentTime ?? 0) >= playingItem.duration
  73 |     ) {
> 74 |       setPlayingId(undefined);
     |       ^^^^^^^^^^^^ Avoid calling setState() directly within an effect
  75 |     }
  76 |   }, [items, playingId]);
  77 |  react-hooks/set-state-in-effect

/workspace/scratch/75c2273f6a80/arca-ui-V030-042/src/components/arca/registry.tsx
  119:17  error  Fast refresh only works when a file only exports components. Use a new file to share constants or functions between components  react-refresh/only-export-components

/workspace/scratch/75c2273f6a80/arca-ui-V030-042/src/components/beautifului/Flowchart.tsx
  483:18  error  Error: Cannot access refs during render

React refs are values that are not needed for rendering. Refs should only be accessed outside of render, such as in event handlers or effects. Accessing a ref value (the `current` property) during render can cause your component not to update as expected (https://react.dev/reference/react/useRef).

/workspace/scratch/75c2273f6a80/arca-ui-V030-042/src/components/beautifului/Flowchart.tsx:483:18
  481 |
  482 |       {/* nodes */}
> 483 |       {steps.map((node) => {
      |                  ^^^^^^^^^^^
> 484 |         const { w, cx, top } = place(node);
      | ^^^^^^^^^^^^^^^^^^^^^^^^^^^^^^^^^^^^^^^^^^^
> 485 |         const active = selected === node.id;
      …
      | ^^^^^^^^^^^^^^^^^^^^^^^^^^^^^^^^^^^^^^^^^^^
> 534 |         );
      | ^^^^^^^^^^^^^^^^^^^^^^^^^^^^^^^^^^^^^^^^^^^
> 535 |       })}
      | ^^^^^^^^ Cannot access ref value during render
  536 |     </div>
  537 |   );
  538 | }  react-hooks/refs

/workspace/scratch/75c2273f6a80/arca-ui-V030-042/src/components/enterprise/portal.tsx
  15:19  error  Error: Calling setState synchronously within an effect can trigger cascading renders

Effects are intended to synchronize state between React and external systems such as manually updating the DOM, state management libraries, or other platform APIs. In general, the body of an effect should do one or both of the following:
* Update external systems with the latest state from React.
* Subscribe for updates from some external system, calling setState in a callback function when external state changes.

Calling setState synchronously within an effect body causes cascading renders that can hurt performance, and is not recommended. (https://react.dev/learn/you-might-not-need-an-effect).

/workspace/scratch/75c2273f6a80/arca-ui-V030-042/src/components/enterprise/portal.tsx:15:19
  13 | export function AppShell({ user, title, activePath, modules, children, onNavigate, onLogout }: { user: PortalUser; title: string; activePath: string; modules: PortalModule[]; children: ReactNode; onNavigate: (path: string) => void; onLogout: () => void | Promise<void> }) {
  14 |   const [drawerOpen, setDrawerOpen] = useState(false);
> 15 |   useEffect(() => setDrawerOpen(false), [activePath]);
     |                   ^^^^^^^^^^^^^ Avoid calling setState() directly within an effect
  16 |   const navigate = (path: string) => { setDrawerOpen(false); onNavigate(path); };
  17 |   const nav = <><NavigationItem label="首页" path="/" active={activePath === "/"} icon={<HomeIcon/>} onSelect={navigate}/><div className="ent-nav__label">业务模块</div>{modules.map(module => <NavigationItem key={module.id} label={module.title} path={module.basePath} active={activePath === module.basePath || activePath.startsWith(`${module.basePath}/`)} icon={<ModuleIcon/>} onSelect={navigate}/>)}</>;
  18 |   return <div className="ent-shell">  react-hooks/set-state-in-effect

/workspace/scratch/75c2273f6a80/arca-ui-V030-042/src/components/enterprise/primitives.tsx
  56:10  error  Fast refresh only works when a file only exports components. Use a new file to share constants or functions between components  react-refresh/only-export-components

/workspace/scratch/75c2273f6a80/arca-ui-V030-042/src/components/motion/adaptive-stepper.tsx
  154:22  error  Error: Cannot access refs during render

React refs are values that are not needed for rendering. Refs should only be accessed outside of render, such as in event handlers or effects. Accessing a ref value (the `current` property) during render can cause your component not to update as expected (https://react.dev/reference/react/useRef).

/workspace/scratch/75c2273f6a80/arca-ui-V030-042/src/components/motion/adaptive-stepper.tsx:154:22
  152 |   const currentValueRef = useRef(currentValue);
  153 |   const direction: StepDirection =
> 154 |     currentValue === previousValueRef.current
      |                      ^^^^^^^^^^^^^^^^^^^^^^^^ Cannot access ref value during render
  155 |       ? 0
  156 |       : currentValue > previousValueRef.current
  157 |         ? 1  react-hooks/refs
  156:24  error  Error: Cannot access refs during render

React refs are values that are not needed for rendering. Refs should only be accessed outside of render, such as in event handlers or effects. Accessing a ref value (the `current` property) during render can cause your component not to update as expected (https://react.dev/reference/react/useRef).

/workspace/scratch/75c2273f6a80/arca-ui-V030-042/src/components/motion/adaptive-stepper.tsx:156:24
  154 |     currentValue === previousValueRef.current
  155 |       ? 0
> 156 |       : currentValue > previousValueRef.current
      |                        ^^^^^^^^^^^^^^^^^^^^^^^^ Cannot access ref value during render
  157 |         ? 1
  158 |         : -1;
  159 |                                                                     react-hooks/refs

/workspace/scratch/75c2273f6a80/arca-ui-V030-042/src/components/motion/animated-toast-stack.tsx
  145:17  error  Fast refresh only works when a file only exports components. Use a new file to share constants or functions between components                                                                                                                                                                                                                                                                                                                                                                                                                                                                                                                                                                                                                                                                                                                                                                                                                                                                                                                                                                             react-refresh/only-export-components
  279:5   error  Error: Calling setState synchronously within an effect can trigger cascading renders

Effects are intended to synchronize state between React and external systems such as manually updating the DOM, state management libraries, or other platform APIs. In general, the body of an effect should do one or both of the following:
* Update external systems with the latest state from React.
* Subscribe for updates from some external system, calling setState in a callback function when external state changes.

Calling setState synchronously within an effect body causes cascading renders that can hurt performance, and is not recommended. (https://react.dev/learn/you-might-not-need-an-effect).

/workspace/scratch/75c2273f6a80/arca-ui-V030-042/src/components/motion/animated-toast-stack.tsx:279:5
  277 |
  278 |   useEffect(() => {
> 279 |     setPortalTarget(shouldPortal ? (portalRoot ?? document.body) : null);
      |     ^^^^^^^^^^^^^^^ Avoid calling setState() directly within an effect
  280 |   }, [portalRoot, shouldPortal]);
  281 |
  282 |   const stack = (  react-hooks/set-state-in-effect

/workspace/scratch/75c2273f6a80/arca-ui-V030-042/src/components/motion/attachment-upload.tsx
  750:3  error  Error: Cannot access refs during render

React refs are values that are not needed for rendering. Refs should only be accessed outside of render, such as in event handlers or effects. Accessing a ref value (the `current` property) during render can cause your component not to update as expected (https://react.dev/reference/react/useRef).

/workspace/scratch/75c2273f6a80/arca-ui-V030-042/src/components/motion/attachment-upload.tsx:750:3
  748 |   });
  749 |   const itemsRef = useRef(items);
> 750 |   itemsRef.current = items;
      |   ^^^^^^^^^^^^^^^^ Cannot update ref during render
  751 |
  752 |   useEffect(
  753 |     () => () => {                                                                                                                                                                                                                                                                                                                                                                                                                react-hooks/refs
  925:7  error  Error: Calling setState synchronously within an effect can trigger cascading renders

Effects are intended to synchronize state between React and external systems such as manually updating the DOM, state management libraries, or other platform APIs. In general, the body of an effect should do one or both of the following:
* Update external systems with the latest state from React.
* Subscribe for updates from some external system, calling setState in a callback function when external state changes.

Calling setState synchronously within an effect body causes cascading renders that can hurt performance, and is not recommended. (https://react.dev/learn/you-might-not-need-an-effect).

/workspace/scratch/75c2273f6a80/arca-ui-V030-042/src/components/motion/attachment-upload.tsx:925:7
  923 |       !items.some((item) => item.id === previewItem.id)
  924 |     ) {
> 925 |       setPreviewItem(null);
      |       ^^^^^^^^^^^^^^ Avoid calling setState() directly within an effect
  926 |     }
  927 |   }, [items, previewItem]);
  928 |  react-hooks/set-state-in-effect

/workspace/scratch/75c2273f6a80/arca-ui-V030-042/src/components/motion/button/stateful.tsx
  104:3  warning  React Hook useLayoutEffect contains a call to 'setWidth'. Without a list of dependencies, this can lead to an infinite chain of updates. To fix this, pass [] as a second argument to the useLayoutEffect Hook  react-hooks/exhaustive-deps

/workspace/scratch/75c2273f6a80/arca-ui-V030-042/src/components/motion/center-morph-modal.tsx
  203:19  error  Error: Calling setState synchronously within an effect can trigger cascading renders

Effects are intended to synchronize state between React and external systems such as manually updating the DOM, state management libraries, or other platform APIs. In general, the body of an effect should do one or both of the following:
* Update external systems with the latest state from React.
* Subscribe for updates from some external system, calling setState in a callback function when external state changes.

Calling setState synchronously within an effect body causes cascading renders that can hurt performance, and is not recommended. (https://react.dev/learn/you-might-not-need-an-effect).

/workspace/scratch/75c2273f6a80/arca-ui-V030-042/src/components/motion/center-morph-modal.tsx:203:19
  201 |   const panelRef = useRef<HTMLDivElement>(null);
  202 |
> 203 |   useEffect(() => setMounted(true), []);
      |                   ^^^^^^^^^^ Avoid calling setState() directly within an effect
  204 |
  205 |   useEffect(() => {
  206 |     if (!context.open) return;  react-hooks/set-state-in-effect

/workspace/scratch/75c2273f6a80/arca-ui-V030-042/src/components/motion/combobox/context.tsx
  87:14  error  Fast refresh only works when a file only exports components. Move your React context(s) to a separate file                      react-refresh/only-export-components
  88:14  error  Fast refresh only works when a file only exports components. Move your React context(s) to a separate file                      react-refresh/only-export-components
  90:17  error  Fast refresh only works when a file only exports components. Use a new file to share constants or functions between components  react-refresh/only-export-components
  96:17  error  Fast refresh only works when a file only exports components. Use a new file to share constants or functions between components  react-refresh/only-export-components

/workspace/scratch/75c2273f6a80/arca-ui-V030-042/src/components/motion/combobox/trigger.tsx
  33:12  error  Error: Cannot access refs during render

React refs are values that are not needed for rendering. Refs should only be accessed outside of render, such as in event handlers or effects. Accessing a ref value (the `current` property) during render can cause your component not to update as expected (https://react.dev/reference/react/useRef).

/workspace/scratch/75c2273f6a80/arca-ui-V030-042/src/components/motion/combobox/trigger.tsx:33:12
  31 |   return (
  32 |     <motion.div
> 33 |       ref={context.triggerRef}
     |            ^^^^^^^^^^^^^^^^^^ Cannot access ref value during render
  34 |       id={context.triggerId}
  35 |       data-state={context.open ? "open" : "closed"}
  36 |       onPointerDown={(event) => {                                                                                                                                                                                         react-hooks/refs
  34:11  error  Error: Cannot access refs during render

React refs are values that are not needed for rendering. Refs should only be accessed outside of render, such as in event handlers or effects. Accessing a ref value (the `current` property) during render can cause your component not to update as expected (https://react.dev/reference/react/useRef).

/workspace/scratch/75c2273f6a80/arca-ui-V030-042/src/components/motion/combobox/trigger.tsx:34:11
  32 |     <motion.div
  33 |       ref={context.triggerRef}
> 34 |       id={context.triggerId}
     |           ^^^^^^^^^^^^^^^^^ Cannot access ref value during render
  35 |       data-state={context.open ? "open" : "closed"}
  36 |       onPointerDown={(event) => {
  37 |         if (context.disabled || event.target === context.inputRef.current) return;                                                                                                                   react-hooks/refs
  35:19  error  Error: Cannot access refs during render

React refs are values that are not needed for rendering. Refs should only be accessed outside of render, such as in event handlers or effects. Accessing a ref value (the `current` property) during render can cause your component not to update as expected (https://react.dev/reference/react/useRef).

/workspace/scratch/75c2273f6a80/arca-ui-V030-042/src/components/motion/combobox/trigger.tsx:35:19
  33 |       ref={context.triggerRef}
  34 |       id={context.triggerId}
> 35 |       data-state={context.open ? "open" : "closed"}
     |                   ^^^^^^^^^^^^ Cannot access ref value during render
  36 |       onPointerDown={(event) => {
  37 |         if (context.disabled || event.target === context.inputRef.current) return;
  38 |         event.preventDefault();                                                                                                react-hooks/refs
  47:9   error  Error: Cannot access refs during render

React refs are values that are not needed for rendering. Refs should only be accessed outside of render, such as in event handlers or effects. Accessing a ref value (the `current` property) during render can cause your component not to update as expected (https://react.dev/reference/react/useRef).

/workspace/scratch/75c2273f6a80/arca-ui-V030-042/src/components/motion/combobox/trigger.tsx:47:9
  45 |       className={cn(
  46 |         "relative z-10 flex h-10 w-full min-w-52 cursor-text items-center justify-between gap-3 rounded-xl border border-border bg-background px-3 text-sm text-foreground outline-none",
> 47 |         context.disabled && "pointer-events-none opacity-50",
     |         ^^^^^^^^^^^^^^^^ Cannot access ref value during render
  48 |         className,
  49 |       )}
  50 |     >                                                             react-hooks/refs
  47:9   error  Error: Cannot access refs during render

React refs are values that are not needed for rendering. Refs should only be accessed outside of render, such as in event handlers or effects. Accessing a ref value (the `current` property) during render can cause your component not to update as expected (https://react.dev/reference/react/useRef).

/workspace/scratch/75c2273f6a80/arca-ui-V030-042/src/components/motion/combobox/trigger.tsx:47:9
  45 |       className={cn(
  46 |         "relative z-10 flex h-10 w-full min-w-52 cursor-text items-center justify-between gap-3 rounded-xl border border-border bg-background px-3 text-sm text-foreground outline-none",
> 47 |         context.disabled && "pointer-events-none opacity-50",
     |         ^^^^^^^^^^^^^^^^^^^^^^^^^^^^^^^^^^^^^^^^^^^^^^^^^^^^ Passing a ref to a function may read its value during render
  48 |         className,
  49 |       )}
  50 |     >  react-hooks/refs
  52:30  error  Error: Cannot access refs during render

React refs are values that are not needed for rendering. Refs should only be accessed outside of render, such as in event handlers or effects. Accessing a ref value (the `current` property) during render can cause your component not to update as expected (https://react.dev/reference/react/useRef).

/workspace/scratch/75c2273f6a80/arca-ui-V030-042/src/components/motion/combobox/trigger.tsx:52:30
  50 |     >
  51 |       <span className="min-w-0 flex-1 text-left">{children}</span>
> 52 |       <DropdownChevron open={context.open} reduce={context.reduce} />
     |                              ^^^^^^^^^^^^ Cannot access ref value during render
  53 |     </motion.div>
  54 |   );
  55 | }                                                                                                                                                                                  react-hooks/refs
  52:52  error  Error: Cannot access refs during render

React refs are values that are not needed for rendering. Refs should only be accessed outside of render, such as in event handlers or effects. Accessing a ref value (the `current` property) during render can cause your component not to update as expected (https://react.dev/reference/react/useRef).

/workspace/scratch/75c2273f6a80/arca-ui-V030-042/src/components/motion/combobox/trigger.tsx:52:52
  50 |     >
  51 |       <span className="min-w-0 flex-1 text-left">{children}</span>
> 52 |       <DropdownChevron open={context.open} reduce={context.reduce} />
     |                                                    ^^^^^^^^^^^^^^ Cannot access ref value during render
  53 |     </motion.div>
  54 |   );
  55 | }                                                                                                                                                          react-hooks/refs

/workspace/scratch/75c2273f6a80/arca-ui-V030-042/src/components/motion/combobox/use-active-option.ts
  90:38  error  Compilation Skipped: Existing memoization could not be preserved

React Compiler has skipped optimizing this component because the existing manual memoization could not be preserved. The inferred dependencies did not match the manually specified dependencies, which could cause the value to change more or less frequently than expected. The inferred dependency was `setCursor`, but the source dependencies were []. Inferred dependency not present in source.

/workspace/scratch/75c2273f6a80/arca-ui-V030-042/src/components/motion/combobox/use-active-option.ts:90:38
  88 |   });
  89 |
> 90 |   const setActiveValue = useCallback((next: string | null) => {
     |                                      ^^^^^^^^^^^^^^^^^^^^^^^^^^
> 91 |     setCursor(
     | ^^^^^^^^^^^^^^
> 92 |       next === null ? null : { value: next, query: latest.current.query },
     | ^^^^^^^^^^^^^^
> 93 |     );
     | ^^^^^^^^^^^^^^
> 94 |   }, []);
     | ^^^^ Could not preserve existing manual memoization
  95 |
  96 |   // Steps from the option the cursor really resolves to, inside the update, so
  97 |   // that two keys landing in one batch move two rows rather than one                                                react-hooks/preserve-manual-memoization
  99:5   error  Compilation Skipped: Existing memoization could not be preserved

React Compiler has skipped optimizing this component because the existing manual memoization could not be preserved. The inferred dependencies did not match the manually specified dependencies, which could cause the value to change more or less frequently than expected. The inferred dependency was `setCursor`, but the source dependencies were []. Inferred dependency not present in source.

/workspace/scratch/75c2273f6a80/arca-ui-V030-042/src/components/motion/combobox/use-active-option.ts:99:5
   97 |   // that two keys landing in one batch move two rows rather than one.
   98 |   const moveActive = useCallback(
>  99 |     (direction: 1 | -1 | "first" | "last") => {
      |     ^^^^^^^^^^^^^^^^^^^^^^^^^^^^^^^^^^^^^^^^^^^
> 100 |       const options = latest.current;
      | ^^^^^^^^^^^^^^^^^^^^^^^^^^^^^^^^^^^^^
> 101 |       // While closed the list is still filtering by the query it was open
      …
      | ^^^^^^^^^^^^^^^^^^^^^^^^^^^^^^^^^^^^^
> 124 |       });
      | ^^^^^^^^^^^^^^^^^^^^^^^^^^^^^^^^^^^^^
> 125 |     },
      | ^^^^^^ Could not preserve existing manual memoization
  126 |     [],
  127 |   );
  128 |  react-hooks/preserve-manual-memoization

/workspace/scratch/75c2273f6a80/arca-ui-V030-042/src/components/motion/context-menu.tsx
  297:33  error  Error: Cannot access refs during render

React refs are values that are not needed for rendering. Refs should only be accessed outside of render, such as in event handlers or effects. Accessing a ref value (the `current` property) during render can cause your component not to update as expected (https://react.dev/reference/react/useRef).

/workspace/scratch/75c2273f6a80/arca-ui-V030-042/src/components/motion/context-menu.tsx:297:33
  295 |   };
  296 |
> 297 |   return cloneElement(children, {
      |                                 ^
> 298 |     ref: (node: HTMLElement | null) => {
      | ^^^^^^^^^^^^^^^^^^^^^^^^^^^^^^^^^^^^^^^^
> 299 |       context.triggerRef.current = node;
      …
      | ^^^^^^^^^^^^^^^^^^^^^^^^^^^^^^^^^^^^^^^^
> 329 |     },
      | ^^^^^^^^^^^^^^^^^^^^^^^^^^^^^^^^^^^^^^^^
> 330 |   });
      | ^^^^ Passing a ref to a function may read its value during render
  331 | }
  332 |
  333 | export interface ContextMenuContentProps {                                                                                                                               react-hooks/refs
  299:7   error  Error: This value cannot be modified

Modifying a value returned from a hook is not allowed. Consider moving the modification into the hook where the value is constructed.

/workspace/scratch/75c2273f6a80/arca-ui-V030-042/src/components/motion/context-menu.tsx:299:7
  297 |   return cloneElement(children, {
  298 |     ref: (node: HTMLElement | null) => {
> 299 |       context.triggerRef.current = node;
      |       ^^^^^^^^^^^^^^^^^^ `context` cannot be modified
  300 |       assignRef(childRef, node);
  301 |     },
  302 |     "aria-controls": context.open ? context.menuId : undefined,                                                                                                                                                                                                                                                                                                                                                                                                                                                                                                                react-hooks/immutability
  353:19  error  Error: Calling setState synchronously within an effect can trigger cascading renders

Effects are intended to synchronize state between React and external systems such as manually updating the DOM, state management libraries, or other platform APIs. In general, the body of an effect should do one or both of the following:
* Update external systems with the latest state from React.
* Subscribe for updates from some external system, calling setState in a callback function when external state changes.

Calling setState synchronously within an effect body causes cascading renders that can hurt performance, and is not recommended. (https://react.dev/learn/you-might-not-need-an-effect).

/workspace/scratch/75c2273f6a80/arca-ui-V030-042/src/components/motion/context-menu.tsx:353:19
  351 |   const typeaheadTimer = useRef<ReturnType<typeof setTimeout> | null>(null);
  352 |
> 353 |   useEffect(() => setMounted(true), []);
      |                   ^^^^^^^^^^ Avoid calling setState() directly within an effect
  354 |
  355 |   useLayoutEffect(() => {
  356 |     if (!context.open) {  react-hooks/set-state-in-effect
  357:7   error  Error: Calling setState synchronously within an effect can trigger cascading renders

Effects are intended to synchronize state between React and external systems such as manually updating the DOM, state management libraries, or other platform APIs. In general, the body of an effect should do one or both of the following:
* Update external systems with the latest state from React.
* Subscribe for updates from some external system, calling setState in a callback function when external state changes.

Calling setState synchronously within an effect body causes cascading renders that can hurt performance, and is not recommended. (https://react.dev/learn/you-might-not-need-an-effect).

/workspace/scratch/75c2273f6a80/arca-ui-V030-042/src/components/motion/context-menu.tsx:357:7
  355 |   useLayoutEffect(() => {
  356 |     if (!context.open) {
> 357 |       setMorphReady(false);
      |       ^^^^^^^^^^^^^ Avoid calling setState() directly within an effect
  358 |       return;
  359 |     }
  360 |     const content = context.contentRef.current;                                  react-hooks/set-state-in-effect
  362:5   error  Error: This value cannot be modified

Modifying a value returned from a hook is not allowed. Consider moving the modification into the hook where the value is constructed.

/workspace/scratch/75c2273f6a80/arca-ui-V030-042/src/components/motion/context-menu.tsx:362:5
  360 |     const content = context.contentRef.current;
  361 |     if (!content) return;
> 362 |     content.dataset.invocation = String(context.invocation);
      |     ^^^^^^^^^^^^^^^ `context` cannot be modified
  363 |
  364 |     const rect = content.getBoundingClientRect();
  365 |     const left = Math.max(                                                                                                                                                                                                                                                                                                                                                                                                                                                                                                                             react-hooks/immutability
  498:14  error  Error: Cannot access refs during render

React refs are values that are not needed for rendering. Refs should only be accessed outside of render, such as in event handlers or effects. Accessing a ref value (the `current` property) during render can cause your component not to update as expected (https://react.dev/reference/react/useRef).

/workspace/scratch/75c2273f6a80/arca-ui-V030-042/src/components/motion/context-menu.tsx:498:14
  496 |     >
  497 |       <motion.div
> 498 |         ref={context.contentRef}
      |              ^^^^^^^^^^^^^^^^^^ Cannot access ref value during render
  499 |         id={context.menuId}
  500 |         role="menu"
  501 |         aria-label={ariaLabel}                                                                                                                                                                                                                                                                                                                                                                                                           react-hooks/refs
  499:13  error  Error: Cannot access refs during render

React refs are values that are not needed for rendering. Refs should only be accessed outside of render, such as in event handlers or effects. Accessing a ref value (the `current` property) during render can cause your component not to update as expected (https://react.dev/reference/react/useRef).

/workspace/scratch/75c2273f6a80/arca-ui-V030-042/src/components/motion/context-menu.tsx:499:13
  497 |       <motion.div
  498 |         ref={context.contentRef}
> 499 |         id={context.menuId}
      |             ^^^^^^^^^^^^^^ Cannot access ref value during render
  500 |         role="menu"
  501 |         aria-label={ariaLabel}
  502 |         data-morph-ready={morphReady ? "true" : "false"}                                                                                                                                                                                                                                                                                                                                                             react-hooks/refs
  508:13  error  Error: Cannot access refs during render

React refs are values that are not needed for rendering. Refs should only be accessed outside of render, such as in event handlers or effects. Accessing a ref value (the `current` property) during render can cause your component not to update as expected (https://react.dev/reference/react/useRef).

/workspace/scratch/75c2273f6a80/arca-ui-V030-042/src/components/motion/context-menu.tsx:508:13
  506 |           opacity: visualOpen ? 1 : 0,
  507 |           clipPath:
> 508 |             context.reduce || context.modality === "keyboard" || visualOpen
      |             ^^^^^^^^^^^^^^ Cannot access ref value during render
  509 |               ? clipShown
  510 |               : clipHidden,
  511 |         }}                                                                                                                                                                                                                                                                                                                                                react-hooks/refs
  508:13  error  Error: Cannot access refs during render

React refs are values that are not needed for rendering. Refs should only be accessed outside of render, such as in event handlers or effects. Accessing a ref value (the `current` property) during render can cause your component not to update as expected (https://react.dev/reference/react/useRef).

/workspace/scratch/75c2273f6a80/arca-ui-V030-042/src/components/motion/context-menu.tsx:508:13
  506 |           opacity: visualOpen ? 1 : 0,
  507 |           clipPath:
> 508 |             context.reduce || context.modality === "keyboard" || visualOpen
      |             ^^^^^^^^^^^^^^^^^^^^^^^^^^^^^^^^^^^^^^^^^^^^^^^^^ Cannot access ref value during render
  509 |               ? clipShown
  510 |               : clipHidden,
  511 |         }}                                                                                                                                                                                                                                                                                                             react-hooks/refs
  508:13  error  Error: Cannot access refs during render

React refs are values that are not needed for rendering. Refs should only be accessed outside of render, such as in event handlers or effects. Accessing a ref value (the `current` property) during render can cause your component not to update as expected (https://react.dev/reference/react/useRef).

/workspace/scratch/75c2273f6a80/arca-ui-V030-042/src/components/motion/context-menu.tsx:508:13
  506 |           opacity: visualOpen ? 1 : 0,
  507 |           clipPath:
> 508 |             context.reduce || context.modality === "keyboard" || visualOpen
      |             ^^^^^^^^^^^^^^^^^^^^^^^^^^^^^^^^^^^^^^^^^^^^^^^^^^^^^^^^^^^^^^^ Cannot access ref value during render
  509 |               ? clipShown
  510 |               : clipHidden,
  511 |         }}                                                                                                                                                                                                                                                                                               react-hooks/refs
  508:31  error  Error: Cannot access refs during render

React refs are values that are not needed for rendering. Refs should only be accessed outside of render, such as in event handlers or effects. Accessing a ref value (the `current` property) during render can cause your component not to update as expected (https://react.dev/reference/react/useRef).

/workspace/scratch/75c2273f6a80/arca-ui-V030-042/src/components/motion/context-menu.tsx:508:31
  506 |           opacity: visualOpen ? 1 : 0,
  507 |           clipPath:
> 508 |             context.reduce || context.modality === "keyboard" || visualOpen
      |                               ^^^^^^^^^^^^^^^^ Cannot access ref value during render
  509 |               ? clipShown
  510 |               : clipHidden,
  511 |         }}                                                                                                                                                                                                                                                                                                                            react-hooks/refs
  513:11  error  Error: Cannot access refs during render

React refs are values that are not needed for rendering. Refs should only be accessed outside of render, such as in event handlers or effects. Accessing a ref value (the `current` property) during render can cause your component not to update as expected (https://react.dev/reference/react/useRef).

/workspace/scratch/75c2273f6a80/arca-ui-V030-042/src/components/motion/context-menu.tsx:513:11
  511 |         }}
  512 |         transition={
> 513 |           context.modality === "keyboard"
      |           ^^^^^^^^^^^^^^^^ Cannot access ref value during render
  514 |             ? { duration: 0 }
  515 |             : context.reduce
  516 |               ? { duration: 0.1, ease: EASE_OUT }                                                                                                                                                                                                                                                                                                                                                                 react-hooks/refs
  515:15  error  Error: Cannot access refs during render

React refs are values that are not needed for rendering. Refs should only be accessed outside of render, such as in event handlers or effects. Accessing a ref value (the `current` property) during render can cause your component not to update as expected (https://react.dev/reference/react/useRef).

/workspace/scratch/75c2273f6a80/arca-ui-V030-042/src/components/motion/context-menu.tsx:515:15
  513 |           context.modality === "keyboard"
  514 |             ? { duration: 0 }
> 515 |             : context.reduce
      |               ^^^^^^^^^^^^^^ Cannot access ref value during render
  516 |               ? { duration: 0.1, ease: EASE_OUT }
  517 |               : {
  518 |                   clipPath: {                                                                                                                                                                                                                                                                                                                                               react-hooks/refs

/workspace/scratch/75c2273f6a80/arca-ui-V030-042/src/components/motion/dropdown-panel.tsx
  22:14  error  Fast refresh only works when a file only exports components. Use a new file to share constants or functions between components  react-refresh/only-export-components
  24:14  error  Fast refresh only works when a file only exports components. Use a new file to share constants or functions between components  react-refresh/only-export-components
  30:14  error  Fast refresh only works when a file only exports components. Use a new file to share constants or functions between components  react-refresh/only-export-components
  35:14  error  Fast refresh only works when a file only exports components. Use a new file to share constants or functions between components  react-refresh/only-export-components
  40:17  error  Fast refresh only works when a file only exports components. Use a new file to share constants or functions between components  react-refresh/only-export-components

/workspace/scratch/75c2273f6a80/arca-ui-V030-042/src/components/motion/file-tree.tsx
  79:32  error  '_props' is defined but never used  @typescript-eslint/no-unused-vars
  83:30  error  '_props' is defined but never used  @typescript-eslint/no-unused-vars

/workspace/scratch/75c2273f6a80/arca-ui-V030-042/src/components/motion/liquid.tsx
  286:5   error  Error: Calling setState synchronously within an effect can trigger cascading renders

Effects are intended to synchronize state between React and external systems such as manually updating the DOM, state management libraries, or other platform APIs. In general, the body of an effect should do one or both of the following:
* Update external systems with the latest state from React.
* Subscribe for updates from some external system, calling setState in a callback function when external state changes.

Calling setState synchronously within an effect body causes cascading renders that can hurt performance, and is not recommended. (https://react.dev/learn/you-might-not-need-an-effect).

/workspace/scratch/75c2273f6a80/arca-ui-V030-042/src/components/motion/liquid.tsx:286:5
  284 |     blob.style.willChange = "transform";
  285 |     portal.append(blob);
> 286 |     setBlob(blob);
      |     ^^^^^^^ Avoid calling setState() directly within an effect
  287 |
  288 |     return () => {
  289 |       blob.remove();                                                                                                                                                                                                                                                                                                                                                                                                                  react-hooks/set-state-in-effect
  293:19  error  Error: Cannot modify local variables after render completes

This argument is a function which may reassign or mutate `blob` after render, which can cause inconsistent behavior on subsequent renders. Consider using state instead.

/workspace/scratch/75c2273f6a80/arca-ui-V030-042/src/components/motion/liquid.tsx:293:19
  291 |   }, [context]);
  292 |
> 293 |   useLayoutEffect(() => {
      |                   ^^^^^^^
> 294 |     const wrapper = wrapperRef.current;
      | ^^^^^^^^^^^^^^^^^^^^^^^^^^^^^^^^^^^^^^^
> 295 |     if (!wrapper || !blob || !context.getRoot()) return;
      …
      | ^^^^^^^^^^^^^^^^^^^^^^^^^^^^^^^^^^^^^^^
> 338 |     return () => cancelAnimationFrame(frame);
      | ^^^^^^^^^^^^^^^^^^^^^^^^^^^^^^^^^^^^^^^
> 339 |   }, [blob, context, duration, height, radius, width, x, x1, x2, y, y1, y2]);
      | ^^^^ This function may (indirectly) reassign or modify `blob` after render
  340 |
  341 |   return (
  342 |     <div

/workspace/scratch/75c2273f6a80/arca-ui-V030-042/src/components/motion/liquid.tsx:305:7
  303 |       wrapper.style.width = `${box.width}px`;
  304 |       wrapper.style.height = `${box.height}px`;
> 305 |       blob.style.transform = transform;
      |       ^^^^ This modifies `blob`
  306 |       blob.setAttribute("width", String(box.width));
  307 |       blob.setAttribute("height", String(box.height));
  308 |       blob.setAttribute("rx", String(box.radius));  react-hooks/immutability
  305:7   error  Error: This value cannot be modified

Modifying a value returned from 'useState()', which should not be modified directly. Use the setter function to update instead.

/workspace/scratch/75c2273f6a80/arca-ui-V030-042/src/components/motion/liquid.tsx:305:7
  303 |       wrapper.style.width = `${box.width}px`;
  304 |       wrapper.style.height = `${box.height}px`;
> 305 |       blob.style.transform = transform;
      |       ^^^^ `blob` cannot be modified
  306 |       blob.setAttribute("width", String(box.width));
  307 |       blob.setAttribute("height", String(box.height));
  308 |       blob.setAttribute("rx", String(box.radius));                                                                                                                                                                                                                                                                                                                                                                                                                                                                                                                                                                                                                                                                                                                                                                                                                react-hooks/immutability

/workspace/scratch/75c2273f6a80/arca-ui-V030-042/src/components/motion/loader.tsx
  317:7  error  Error: Calling setState synchronously within an effect can trigger cascading renders

Effects are intended to synchronize state between React and external systems such as manually updating the DOM, state management libraries, or other platform APIs. In general, the body of an effect should do one or both of the following:
* Update external systems with the latest state from React.
* Subscribe for updates from some external system, calling setState in a callback function when external state changes.

Calling setState synchronously within an effect body causes cascading renders that can hurt performance, and is not recommended. (https://react.dev/learn/you-might-not-need-an-effect).

/workspace/scratch/75c2273f6a80/arca-ui-V030-042/src/components/motion/loader.tsx:317:7
  315 |   useEffect(() => {
  316 |     if (reduce) {
> 317 |       setText(SCRAMBLE_TARGET);
      |       ^^^^^^^ Avoid calling setState() directly within an effect
  318 |       return;
  319 |     }
  320 |     let tick = 0;  react-hooks/set-state-in-effect

/workspace/scratch/75c2273f6a80/arca-ui-V030-042/src/components/motion/morphing-tabs.tsx
  306:3   error  Error: Cannot access refs during render

React refs are values that are not needed for rendering. Refs should only be accessed outside of render, such as in event handlers or effects. Accessing a ref value (the `current` property) during render can cause your component not to update as expected (https://react.dev/reference/react/useRef).

/workspace/scratch/75c2273f6a80/arca-ui-V030-042/src/components/motion/morphing-tabs.tsx:306:3
  304 |   const [order, setOrder] = useState(itemIds);
  305 |   const orderRef = useRef(order);
> 306 |   orderRef.current = order;
      |   ^^^^^^^^^^^^^^^^ Cannot update ref during render
  307 |
  308 |   const [internalValue, setInternalValue] = useState<string | null>(
  309 |     defaultValue ?? itemIds[0] ?? null,                                                                                                                                                                                                                                                                                                                                                                                             react-hooks/refs
  333:5   error  Error: Calling setState synchronously within an effect can trigger cascading renders

Effects are intended to synchronize state between React and external systems such as manually updating the DOM, state management libraries, or other platform APIs. In general, the body of an effect should do one or both of the following:
* Update external systems with the latest state from React.
* Subscribe for updates from some external system, calling setState in a callback function when external state changes.

Calling setState synchronously within an effect body causes cascading renders that can hurt performance, and is not recommended. (https://react.dev/learn/you-might-not-need-an-effect).

/workspace/scratch/75c2273f6a80/arca-ui-V030-042/src/components/motion/morphing-tabs.tsx:333:5
  331 |
  332 |   useEffect(() => {
> 333 |     setOrder((current) => {
      |     ^^^^^^^^ Avoid calling setState() directly within an effect
  334 |       const available = new Set(itemIds);
  335 |       const retained = current.filter((id) => available.has(id));
  336 |       const retainedSet = new Set(retained);                                   react-hooks/set-state-in-effect
  454:7   error  Error: Calling setState synchronously within an effect can trigger cascading renders

Effects are intended to synchronize state between React and external systems such as manually updating the DOM, state management libraries, or other platform APIs. In general, the body of an effect should do one or both of the following:
* Update external systems with the latest state from React.
* Subscribe for updates from some external system, calling setState in a callback function when external state changes.

Calling setState synchronously within an effect body causes cascading renders that can hurt performance, and is not recommended. (https://react.dev/learn/you-might-not-need-an-effect).

/workspace/scratch/75c2273f6a80/arca-ui-V030-042/src/components/motion/morphing-tabs.tsx:454:7
  452 |     if (currentValue && itemMap.has(currentValue)) return;
  453 |     if (firstEnabledItem && firstEnabledItem.id !== currentValue) {
> 454 |       setActive(firstEnabledItem.id);
      |       ^^^^^^^^^ Avoid calling setState() directly within an effect
  455 |     }
  456 |   }, [currentValue, firstEnabledItem, itemMap, setActive]);
  457 |  react-hooks/set-state-in-effect
  744:29  error  Error: Cannot access refs during render

React refs are values that are not needed for rendering. Refs should only be accessed outside of render, such as in event handlers or effects. Accessing a ref value (the `current` property) during render can cause your component not to update as expected (https://react.dev/reference/react/useRef).

/workspace/scratch/75c2273f6a80/arca-ui-V030-042/src/components/motion/morphing-tabs.tsx:744:29
  742 |           )}
  743 |         >
> 744 |           {orderedItems.map((item, index) => {
      |                             ^^^^^^^^^^^^^^^^^^
> 745 |             const isActive = item.id === activeId;
      | ^^^^^^^^^^^^^^^^^^^^^^^^^^^^^^^^^^^^^^^^^^^^^^^^^^
> 746 |             const isDragging = item.id === draggingId;
      …
      | ^^^^^^^^^^^^^^^^^^^^^^^^^^^^^^^^^^^^^^^^^^^^^^^^^^
> 890 |             );
      | ^^^^^^^^^^^^^^^^^^^^^^^^^^^^^^^^^^^^^^^^^^^^^^^^^^
> 891 |           })}
      | ^^^^^^^^^^^^ Cannot access ref value during render
  892 |         </div>
  893 |       </div>
  894 |                                                                                             react-hooks/refs

/workspace/scratch/75c2273f6a80/arca-ui-V030-042/src/components/motion/multi-select/context.tsx
  83:14  error  Fast refresh only works when a file only exports components. Move your React context(s) to a separate file                      react-refresh/only-export-components
  85:14  error  Fast refresh only works when a file only exports components. Move your React context(s) to a separate file                      react-refresh/only-export-components
  87:17  error  Fast refresh only works when a file only exports components. Use a new file to share constants or functions between components  react-refresh/only-export-components
  95:17  error  Fast refresh only works when a file only exports components. Use a new file to share constants or functions between components  react-refresh/only-export-components

/workspace/scratch/75c2273f6a80/arca-ui-V030-042/src/components/motion/multi-select/trigger.tsx
  38:12  error  Error: Cannot access refs during render

React refs are values that are not needed for rendering. Refs should only be accessed outside of render, such as in event handlers or effects. Accessing a ref value (the `current` property) during render can cause your component not to update as expected (https://react.dev/reference/react/useRef).

/workspace/scratch/75c2273f6a80/arca-ui-V030-042/src/components/motion/multi-select/trigger.tsx:38:12
  36 |   return (
  37 |     <motion.div
> 38 |       ref={context.triggerRef}
     |            ^^^^^^^^^^^^^^^^^^ Cannot access ref value during render
  39 |       id={context.triggerId}
  40 |       data-state={context.open ? "open" : "closed"}
  41 |       onPointerDown={(event) => {                                                                                                                                                                                      react-hooks/refs
  39:11  error  Error: Cannot access refs during render

React refs are values that are not needed for rendering. Refs should only be accessed outside of render, such as in event handlers or effects. Accessing a ref value (the `current` property) during render can cause your component not to update as expected (https://react.dev/reference/react/useRef).

/workspace/scratch/75c2273f6a80/arca-ui-V030-042/src/components/motion/multi-select/trigger.tsx:39:11
  37 |     <motion.div
  38 |       ref={context.triggerRef}
> 39 |       id={context.triggerId}
     |           ^^^^^^^^^^^^^^^^^ Cannot access ref value during render
  40 |       data-state={context.open ? "open" : "closed"}
  41 |       onPointerDown={(event) => {
  42 |         const target = event.target as HTMLElement;                                                                                                                                               react-hooks/refs
  40:19  error  Error: Cannot access refs during render

React refs are values that are not needed for rendering. Refs should only be accessed outside of render, such as in event handlers or effects. Accessing a ref value (the `current` property) during render can cause your component not to update as expected (https://react.dev/reference/react/useRef).

/workspace/scratch/75c2273f6a80/arca-ui-V030-042/src/components/motion/multi-select/trigger.tsx:40:19
  38 |       ref={context.triggerRef}
  39 |       id={context.triggerId}
> 40 |       data-state={context.open ? "open" : "closed"}
     |                   ^^^^^^^^^^^^ Cannot access ref value during render
  41 |       onPointerDown={(event) => {
  42 |         const target = event.target as HTMLElement;
  43 |         if (                                                                                                                                               react-hooks/refs
  59:9   error  Error: Cannot access refs during render

React refs are values that are not needed for rendering. Refs should only be accessed outside of render, such as in event handlers or effects. Accessing a ref value (the `current` property) during render can cause your component not to update as expected (https://react.dev/reference/react/useRef).

/workspace/scratch/75c2273f6a80/arca-ui-V030-042/src/components/motion/multi-select/trigger.tsx:59:9
  57 |       className={cn(
  58 |         "relative z-10 flex min-h-11 w-full min-w-52 cursor-text items-center gap-2 rounded-xl border border-border bg-background px-2.5 py-1.5 text-sm text-foreground outline-none",
> 59 |         context.disabled && "pointer-events-none opacity-50",
     |         ^^^^^^^^^^^^^^^^ Cannot access ref value during render
  60 |         className,
  61 |       )}
  62 |     >                                                             react-hooks/refs
  59:9   error  Error: Cannot access refs during render

React refs are values that are not needed for rendering. Refs should only be accessed outside of render, such as in event handlers or effects. Accessing a ref value (the `current` property) during render can cause your component not to update as expected (https://react.dev/reference/react/useRef).

/workspace/scratch/75c2273f6a80/arca-ui-V030-042/src/components/motion/multi-select/trigger.tsx:59:9
  57 |       className={cn(
  58 |         "relative z-10 flex min-h-11 w-full min-w-52 cursor-text items-center gap-2 rounded-xl border border-border bg-background px-2.5 py-1.5 text-sm text-foreground outline-none",
> 59 |         context.disabled && "pointer-events-none opacity-50",
     |         ^^^^^^^^^^^^^^^^^^^^^^^^^^^^^^^^^^^^^^^^^^^^^^^^^^^^ Passing a ref to a function may read its value during render
  60 |         className,
  61 |       )}
  62 |     >  react-hooks/refs
  66:30  error  Error: Cannot access refs during render

React refs are values that are not needed for rendering. Refs should only be accessed outside of render, such as in event handlers or effects. Accessing a ref value (the `current` property) during render can cause your component not to update as expected (https://react.dev/reference/react/useRef).

/workspace/scratch/75c2273f6a80/arca-ui-V030-042/src/components/motion/multi-select/trigger.tsx:66:30
  64 |         {children}
  65 |       </div>
> 66 |       <DropdownChevron open={context.open} reduce={context.reduce} />
     |                              ^^^^^^^^^^^^ Cannot access ref value during render
  67 |     </motion.div>
  68 |   );
  69 | }                                                                                                                                                                                                                        react-hooks/refs
  66:52  error  Error: Cannot access refs during render

React refs are values that are not needed for rendering. Refs should only be accessed outside of render, such as in event handlers or effects. Accessing a ref value (the `current` property) during render can cause your component not to update as expected (https://react.dev/reference/react/useRef).

/workspace/scratch/75c2273f6a80/arca-ui-V030-042/src/components/motion/multi-select/trigger.tsx:66:52
  64 |         {children}
  65 |       </div>
> 66 |       <DropdownChevron open={context.open} reduce={context.reduce} />
     |                                                    ^^^^^^^^^^^^^^ Cannot access ref value during render
  67 |     </motion.div>
  68 |   );
  69 | }                                                                                                                                                                                                react-hooks/refs

/workspace/scratch/75c2273f6a80/arca-ui-V030-042/src/components/motion/not-found/glitch.tsx
  28:7  error  Error: Calling setState synchronously within an effect can trigger cascading renders

Effects are intended to synchronize state between React and external systems such as manually updating the DOM, state management libraries, or other platform APIs. In general, the body of an effect should do one or both of the following:
* Update external systems with the latest state from React.
* Subscribe for updates from some external system, calling setState in a callback function when external state changes.

Calling setState synchronously within an effect body causes cascading renders that can hurt performance, and is not recommended. (https://react.dev/learn/you-might-not-need-an-effect).

/workspace/scratch/75c2273f6a80/arca-ui-V030-042/src/components/motion/not-found/glitch.tsx:28:7
  26 |   useEffect(() => {
  27 |     if (reduce) {
> 28 |       setDisplay(text);
     |       ^^^^^^^^^^ Avoid calling setState() directly within an effect
  29 |       return;
  30 |     }
  31 |     const chars = text.split("");  react-hooks/set-state-in-effect

/workspace/scratch/75c2273f6a80/arca-ui-V030-042/src/components/motion/not-found/shared.tsx
  20:14  error  Fast refresh only works when a file only exports components. Use a new file to share constants or functions between components  react-refresh/only-export-components

/workspace/scratch/75c2273f6a80/arca-ui-V030-042/src/components/motion/popover.tsx
  390:38  error  Error: Cannot access refs during render

React refs are values that are not needed for rendering. Refs should only be accessed outside of render, such as in event handlers or effects. Accessing a ref value (the `current` property) during render can cause your component not to update as expected (https://react.dev/reference/react/useRef).

/workspace/scratch/75c2273f6a80/arca-ui-V030-042/src/components/motion/popover.tsx:390:38
  388 |   const hoverHandlers =
  389 |     trigger === "hover"
> 390 |       ? makeHoverHandlers(rootHover, openHover, scheduleClose)
      |                                      ^^^^^^^^^ Passing a ref to a function may read its value during render
  391 |       : {};
  392 |
  393 |   return (                                                                                                                                                                                                                                                                                     react-hooks/refs
  390:49  error  Error: Cannot access refs during render

React refs are values that are not needed for rendering. Refs should only be accessed outside of render, such as in event handlers or effects. Accessing a ref value (the `current` property) during render can cause your component not to update as expected (https://react.dev/reference/react/useRef).

/workspace/scratch/75c2273f6a80/arca-ui-V030-042/src/components/motion/popover.tsx:390:49
  388 |   const hoverHandlers =
  389 |     trigger === "hover"
> 390 |       ? makeHoverHandlers(rootHover, openHover, scheduleClose)
      |                                                 ^^^^^^^^^^^^^ Passing a ref to a function may read its value during render
  391 |       : {};
  392 |
  393 |   return (                                                                                                                                                                                                                                                                      react-hooks/refs
  485:7   error  Error: This value cannot be modified

Modifying a value returned from a hook is not allowed. Consider moving the modification into the hook where the value is constructed.

/workspace/scratch/75c2273f6a80/arca-ui-V030-042/src/components/motion/popover.tsx:485:7
  483 |     ...handlers,
  484 |     ref: mergeRefs(childRef, (node: HTMLElement | null) => {
> 485 |       ctx.triggerRef.current = node;
      |       ^^^^^^^^^^^^^^ `ctx` cannot be modified
  486 |     }),
  487 |     // Above the goo layer (z-[-1]) so the neck reads behind it.
  488 |     className: cn("relative z-0", childProps.className as string | undefined),                                                                                                                                                                                                                                                                                                                                                                                       react-hooks/immutability
  540:19  error  Error: Calling setState synchronously within an effect can trigger cascading renders

Effects are intended to synchronize state between React and external systems such as manually updating the DOM, state management libraries, or other platform APIs. In general, the body of an effect should do one or both of the following:
* Update external systems with the latest state from React.
* Subscribe for updates from some external system, calling setState in a callback function when external state changes.

Calling setState synchronously within an effect body causes cascading renders that can hurt performance, and is not recommended. (https://react.dev/learn/you-might-not-need-an-effect).

/workspace/scratch/75c2273f6a80/arca-ui-V030-042/src/components/motion/popover.tsx:540:19
  538 |   );
  539 |
> 540 |   useEffect(() => setPortalReady(true), []);
      |                   ^^^^^^^^^^^^^^ Avoid calling setState() directly within an effect
  541 |
  542 |   const geo = useMemo(
  543 |     () =>  react-hooks/set-state-in-effect

/workspace/scratch/75c2273f6a80/arca-ui-V030-042/src/components/motion/select.tsx
  298:6  warning  React Hook useLayoutEffect has a missing dependency: 'ctx'. Either include it or remove the dependency array  react-hooks/exhaustive-deps

/workspace/scratch/75c2273f6a80/arca-ui-V030-042/src/components/motion/smooth-scroll.tsx
  197:21  error  Error: Cannot access refs during render

React refs are values that are not needed for rendering. Refs should only be accessed outside of render, such as in event handlers or effects. Accessing a ref value (the `current` property) during render can cause your component not to update as expected (https://react.dev/reference/react/useRef).

/workspace/scratch/75c2273f6a80/arca-ui-V030-042/src/components/motion/smooth-scroll.tsx:197:21
  195 |
  196 |   const api = useMemo<SmoothScrollApi>(
> 197 |     () => ({ lenis: lenisRef.current, scrollY, progress, velocity, scrollTo }),
      |                     ^^^^^^^^^^^^^^^^ Cannot access ref value during render
  198 |     [scrollY, progress, velocity, scrollTo],
  199 |   );
  200 |           react-hooks/refs
  203:44  error  Error: Cannot access refs during render

React refs are values that are not needed for rendering. Refs should only be accessed outside of render, such as in event handlers or effects. Accessing a ref value (the `current` property) during render can cause your component not to update as expected (https://react.dev/reference/react/useRef).

/workspace/scratch/75c2273f6a80/arca-ui-V030-042/src/components/motion/smooth-scroll.tsx:203:44
  201 |   if (reduce) {
  202 |     return (
> 203 |       <SmoothScrollContext.Provider value={api}>
      |                                            ^^^ Cannot access ref value during render
  204 |         <div ref={containerRef} className={className}>
  205 |           {children}
  206 |         </div>  react-hooks/refs
  212:42  error  Error: Cannot access refs during render

React refs are values that are not needed for rendering. Refs should only be accessed outside of render, such as in event handlers or effects. Accessing a ref value (the `current` property) during render can cause your component not to update as expected (https://react.dev/reference/react/useRef).

/workspace/scratch/75c2273f6a80/arca-ui-V030-042/src/components/motion/smooth-scroll.tsx:212:42
  210 |
  211 |   return (
> 212 |     <SmoothScrollContext.Provider value={api}>
      |                                          ^^^ Cannot access ref value during render
  213 |       <ReactLenis
  214 |         root={root}
  215 |         className={className}                                               react-hooks/refs
  243:17  error  Fast refresh only works when a file only exports components. Use a new file to share constants or functions between components                                                                                                                                                                                                                                                                                                                                                                                                                                                                                                                                                                                                                                              react-refresh/only-export-components

/workspace/scratch/75c2273f6a80/arca-ui-V030-042/src/components/motion/table/column-filter-menu.tsx
  48:5  error  Error: Calling setState synchronously within an effect can trigger cascading renders

Effects are intended to synchronize state between React and external systems such as manually updating the DOM, state management libraries, or other platform APIs. In general, the body of an effect should do one or both of the following:
* Update external systems with the latest state from React.
* Subscribe for updates from some external system, calling setState in a callback function when external state changes.

Calling setState synchronously within an effect body causes cascading renders that can hurt performance, and is not recommended. (https://react.dev/learn/you-might-not-need-an-effect).

/workspace/scratch/75c2273f6a80/arca-ui-V030-042/src/components/motion/table/column-filter-menu.tsx:48:5
  46 |
  47 |   useEffect(() => {
> 48 |     setMounted(true);
     |     ^^^^^^^^^^ Avoid calling setState() directly within an effect
  49 |   }, []);
  50 |
  51 |   useLayoutEffect(() => {                                                                                                           react-hooks/set-state-in-effect
  56:5  error  Error: Calling setState synchronously within an effect can trigger cascading renders

Effects are intended to synchronize state between React and external systems such as manually updating the DOM, state management libraries, or other platform APIs. In general, the body of an effect should do one or both of the following:
* Update external systems with the latest state from React.
* Subscribe for updates from some external system, calling setState in a callback function when external state changes.

Calling setState synchronously within an effect body causes cascading renders that can hurt performance, and is not recommended. (https://react.dev/learn/you-might-not-need-an-effect).

/workspace/scratch/75c2273f6a80/arca-ui-V030-042/src/components/motion/table/column-filter-menu.tsx:56:5
  54 |     if (!trigger) return;
  55 |     const rect = trigger.getBoundingClientRect();
> 56 |     setAnchor({
     |     ^^^^^^^^^ Avoid calling setState() directly within an effect
  57 |       top: rect.bottom,
  58 |       left: Math.min(
  59 |         Math.max(8, rect.right - MENU_WIDTH),  react-hooks/set-state-in-effect

/workspace/scratch/75c2273f6a80/arca-ui-V030-042/src/components/motion/table/index.tsx
   45:23  error    Error: Calling setState synchronously within an effect can trigger cascading renders

Effects are intended to synchronize state between React and external systems such as manually updating the DOM, state management libraries, or other platform APIs. In general, the body of an effect should do one or both of the following:
* Update external systems with the latest state from React.
* Subscribe for updates from some external system, calling setState in a callback function when external state changes.

Calling setState synchronously within an effect body causes cascading renders that can hurt performance, and is not recommended. (https://react.dev/learn/you-might-not-need-an-effect).

/workspace/scratch/75c2273f6a80/arca-ui-V030-042/src/components/motion/table/index.tsx:45:23
  43 |       getComputedStyle(document.documentElement).fontSize,
  44 |     );
> 45 |     if (measured > 0) setSize(measured);
     |                       ^^^^^^^ Avoid calling setState() directly within an effect
  46 |   }, []);
  47 |   return size;
  48 | }  react-hooks/set-state-in-effect
  194:23  warning  Compilation Skipped: Use of incompatible library

This API returns functions which cannot be memoized without leading to stale UI. To prevent this, by default React Compiler will skip memoizing this component/hook. However, you may see issues if values from this API are passed to other components/hooks that are memoized.

/workspace/scratch/75c2273f6a80/arca-ui-V030-042/src/components/motion/table/index.tsx:194:23
  192 |     });
  193 |
> 194 |   const virtualizer = useVirtualizer({
      |                       ^^^^^^^^^^^^^^ TanStack Virtual's `useVirtualizer()` API returns functions that cannot be memoized safely
  195 |     count: visibleRows.length,
  196 |     getScrollElement: () => scrollRef.current,
  197 |     estimateSize: () => rowHeight,                                                                                                                                                                                                                                                                                                react-hooks/incompatible-library

/workspace/scratch/75c2273f6a80/arca-ui-V030-042/src/components/motion/table/table-pagination.tsx
  22:17  error  Fast refresh only works when a file only exports components. Use a new file to share constants or functions between components  react-refresh/only-export-components

/workspace/scratch/75c2273f6a80/arca-ui-V030-042/src/components/motion/table/use-column-reorder.ts
  42:11  error  The value assigned to 'at' is not used in subsequent statements  no-useless-assignment

/workspace/scratch/75c2273f6a80/arca-ui-V030-042/src/components/motion/text-scramble.tsx
  46:7  error  Error: Calling setState synchronously within an effect can trigger cascading renders

Effects are intended to synchronize state between React and external systems such as manually updating the DOM, state management libraries, or other platform APIs. In general, the body of an effect should do one or both of the following:
* Update external systems with the latest state from React.
* Subscribe for updates from some external system, calling setState in a callback function when external state changes.

Calling setState synchronously within an effect body causes cascading renders that can hurt performance, and is not recommended. (https://react.dev/learn/you-might-not-need-an-effect).

/workspace/scratch/75c2273f6a80/arca-ui-V030-042/src/components/motion/text-scramble.tsx:46:7
  44 |
  45 |     if (reduce || !glyphs) {
> 46 |       setDisplay(text);
     |       ^^^^^^^^^^ Avoid calling setState() directly within an effect
  47 |       return;
  48 |     }
  49 |  react-hooks/set-state-in-effect

/workspace/scratch/75c2273f6a80/arca-ui-V030-042/src/components/motion/tooltip.tsx
  103:29  error  Compilation Skipped: Existing memoization could not be preserved

React Compiler has skipped optimizing this component because the existing manual memoization could not be preserved. The inferred dependencies did not match the manually specified dependencies, which could cause the value to change more or less frequently than expected. The inferred dependency was `anchorRef.current`, but the source dependencies were [side, anchorRef, anchorPoint]. Differences in ref.current access.

/workspace/scratch/75c2273f6a80/arca-ui-V030-042/src/components/motion/tooltip.tsx:103:29
  101 |   // Position:fixed means these viewport coords place the tooltip directly, so
  102 |   // it escapes every ancestor's stacking context and overflow.
> 103 |   const place = useCallback(() => {
      |                             ^^^^^^^
> 104 |     const el = anchorRef.current;
      | ^^^^^^^^^^^^^^^^^^^^^^^^^^^^^^^^^
> 105 |     if (!el) return;
      …
      | ^^^^^^^^^^^^^^^^^^^^^^^^^^^^^^^^^
> 122 |     setCoords(previous => previous?.top === next.top && previous.left === next.left ? previous : next);
      | ^^^^^^^^^^^^^^^^^^^^^^^^^^^^^^^^^
> 123 |   }, [side, anchorRef, anchorPoint]);
      | ^^^^ Could not preserve existing manual memoization
  124 |
  125 |   const positioned = coords !== null;
  126 |   useLayoutEffect(() => {  react-hooks/preserve-manual-memoization

/workspace/scratch/75c2273f6a80/arca-ui-V030-042/src/components/site/component-card.tsx
  14:20  error  Error: Cannot create components during render

Components created during render will reset their state each time they are created. Declare components outside of render.

/workspace/scratch/75c2273f6a80/arca-ui-V030-042/src/components/site/component-card.tsx:14:20
  12 |       <PreviewFrame toolbar={false} className="rounded-none border-0 shadow-none">
  13 |         <div className="pointer-events-none scale-[0.92]">
> 14 |           {Demo ? <Demo /> : <span className="text-sm text-muted-foreground">{item.title}</span>}
     |                    ^^^^ This component is created during render
  15 |         </div>
  16 |       </PreviewFrame>
  17 |       <div className="flex items-center justify-between gap-3 border-t border-border px-5 py-4">

/workspace/scratch/75c2273f6a80/arca-ui-V030-042/src/components/site/component-card.tsx:8:16
   6 |
   7 | export function ComponentCard({ item }: { item: CatalogItem }) {
>  8 |   const Demo = getDemo(item.slug)
     |                ^^^^^^^^^^^^^^^^^^ The component is created during render here
   9 |
  10 |   return (
  11 |     <article className="relative overflow-hidden rounded-[22px] border border-border bg-card transition-shadow hover:shadow-[0_12px_40px_rgba(0,0,0,0.06)]">  react-hooks/static-components

/workspace/scratch/75c2273f6a80/arca-ui-V030-042/src/components/spectrum/avatar-stack.tsx
  264:19  error  Definition for rule '@next/next/no-img-element' was not found  @next/next/no-img-element

/workspace/scratch/75c2273f6a80/arca-ui-V030-042/src/components/spectrumui/use-typewriter.ts
  26:5  error  Error: Calling setState synchronously within an effect can trigger cascading renders

Effects are intended to synchronize state between React and external systems such as manually updating the DOM, state management libraries, or other platform APIs. In general, the body of an effect should do one or both of the following:
* Update external systems with the latest state from React.
* Subscribe for updates from some external system, calling setState in a callback function when external state changes.

Calling setState synchronously within an effect body causes cascading renders that can hurt performance, and is not recommended. (https://react.dev/learn/you-might-not-need-an-effect).

/workspace/scratch/75c2273f6a80/arca-ui-V030-042/src/components/spectrumui/use-typewriter.ts:26:5
  24 |   React.useEffect(() => {
  25 |     const mq = window.matchMedia("(prefers-reduced-motion: reduce)")
> 26 |     setReduced(mq.matches)
     |     ^^^^^^^^^^ Avoid calling setState() directly within an effect
  27 |     const onChange = (event: MediaQueryListEvent) => setReduced(event.matches)
  28 |     mq.addEventListener("change", onChange)
  29 |     return () => mq.removeEventListener("change", onChange)  react-hooks/set-state-in-effect
  51:3  error  Error: Cannot access refs during render

React refs are values that are not needed for rendering. Refs should only be accessed outside of render, such as in event handlers or effects. Accessing a ref value (the `current` property) during render can cause your component not to update as expected (https://react.dev/reference/react/useRef).

/workspace/scratch/75c2273f6a80/arca-ui-V030-042/src/components/spectrumui/use-typewriter.ts:51:3
  49 |   const phrasesKey = phrases.join("\u0000")
  50 |   const phrasesRef = React.useRef(phrases)
> 51 |   phrasesRef.current = phrases
     |   ^^^^^^^^^^^^^^^^^^ Cannot update ref during render
  52 |
  53 |   React.useEffect(() => {
  54 |     const list = phrasesRef.current                                                                                                                                                                                                                                                                                                                                                                                                                                                                                                          react-hooks/refs

/workspace/scratch/75c2273f6a80/arca-ui-V030-042/src/components/ui/badge.tsx
  51:17  error  Fast refresh only works when a file only exports components. Use a new file to share constants or functions between components  react-refresh/only-export-components

/workspace/scratch/75c2273f6a80/arca-ui-V030-042/src/components/ui/button.tsx
  57:18  error  Fast refresh only works when a file only exports components. Use a new file to share constants or functions between components  react-refresh/only-export-components

/workspace/scratch/75c2273f6a80/arca-ui-V030-042/src/components/ui/combobox.tsx
  296:3  error  Fast refresh only works when a file only exports components. Use a new file to share constants or functions between components  react-refresh/only-export-components

/workspace/scratch/75c2273f6a80/arca-ui-V030-042/src/components/ui/tabs.tsx
  81:52  error  Fast refresh only works when a file only exports components. Use a new file to share constants or functions between components  react-refresh/only-export-components

/workspace/scratch/75c2273f6a80/arca-ui-V030-042/src/components/ui/toggle.tsx
  44:18  error  Fast refresh only works when a file only exports components. Use a new file to share constants or functions between components  react-refresh/only-export-components

/workspace/scratch/75c2273f6a80/arca-ui-V030-042/src/pages/component-page.tsx
  43:22  error  Error: Cannot create components during render

Components created during render will reset their state each time they are created. Declare components outside of render.

/workspace/scratch/75c2273f6a80/arca-ui-V030-042/src/pages/component-page.tsx:43:22
  41 |         <div className="mt-8">
  42 |           <PreviewFrame>
> 43 |             {Demo ? <Demo /> : <p className="text-sm text-muted-foreground">预览加载中</p>}
     |                      ^^^^ This component is created during render
  44 |           </PreviewFrame>
  45 |         </div>
  46 |       </main>

/workspace/scratch/75c2273f6a80/arca-ui-V030-042/src/pages/component-page.tsx:16:16
  14 |   }
  15 |   const item = getCatalogItem(slug)
> 16 |   const Demo = getDemo(slug)
     |                ^^^^^^^^^^^^^ The component is created during render here
  17 |
  18 |   if (!item) {
  19 |     return <Navigate to="/components" replace />  react-hooks/static-components

✖ 437 problems (408 errors, 29 warnings)

npm notice
npm notice New major version of npm available! 11.9.0 -> 12.2.0
npm notice Changelog: https://github.com/npm/cli/releases/tag/v12.2.0
npm notice To update run: npm install -g npm@12.2.0
npm notice
